store_nbr,family,sales
1,AUTOMOTIVE,5.099451162849911e-06
1,BABY CARE,0.0
1,BEAUTY,3.777785190231824e-06
1,BEVERAGES,0.002490366107076172
1,BOOKS,1.9652679367330248e-07
1,BREAD/BAKERY,0.0005308945072515732
1,CELEBRATION,1.5634591272986044e-05
1,CLEANING,0.001004545308751178
1,DAIRY,0.0009820322796996264
1,DELI,0.00019283570202715988
1,EGGS,0.00022028325054264492
1,FROZEN FOODS,0.00020297807346164148
1,GROCERY I,0.0034870214704756605
1,GROCERY II,3.4259929154905616e-05
1,HARDWARE,2.509209394103682e-06
1,HOME AND KITCHEN I,2.329075356679906e-05
1,HOME AND KITCHEN II,2.030093836447062e-05
1,HOME APPLIANCES,5.29970358294356e-07
1,HOME CARE,0.00015839687007426146
1,LADIESWEAR,1.4748823591548554e-05
1,LAWN AND GARDEN,1.4128506792560784e-05
1,LINGERIE,1.0537934329951394e-05
1,"LIQUOR,WINE,BEER",0.0001584425089979107
1,MAGAZINES,5.028664260863318e-06
1,MEATS,0.0004914178454267965
1,PERSONAL CARE,0.00020261260443093926
1,PET SUPPLIES,5.448728639757438e-06
1,PLAYERS AND ELECTRONICS,8.301627071138129e-06
1,POULTRY,0.00044579110774272323
1,PREPARED FOODS,0.000126652261177192
1,PRODUCE,0.0022757336701358737
1,SCHOOL AND OFFICE SUPPLIES,2.6917650887006834e-07
1,SEAFOOD,4.0692232108436986e-05
2,AUTOMOTIVE,8.47580010628935e-06
2,BABY CARE,7.82381548272863e-08
2,BEAUTY,7.391642817968382e-06
2,BEVERAGES,0.0038689810737490772
2,BOOKS,2.2260617861573126e-07
2,BREAD/BAKERY,0.0008608737787975576
2,CELEBRATION,1.246594600248095e-05
2,CLEANING,0.0015143451256057756
2,DAIRY,0.0013383008945849356
2,DELI,0.0003832599311864156
2,EGGS,0.0002931471892585807
2,FROZEN FOODS,0.00025208439388424875
2,GROCERY I,0.006139556455301154
2,GROCERY II,4.907115698899498e-05
2,HARDWARE,1.8367338252310544e-06
2,HOME AND KITCHEN I,2.7615274434216802e-05
2,HOME AND KITCHEN II,2.25996498658247e-05
2,HOME APPLIANCES,7.507137236999138e-07
2,HOME CARE,0.0002781375718176079
2,LADIESWEAR,2.751281970765726e-05
2,LAWN AND GARDEN,1.29120897663175e-05
2,LINGERIE,1.4622152293256758e-05
2,"LIQUOR,WINE,BEER",0.00013567986297619583
2,MAGAZINES,6.015955262255265e-06
2,MEATS,0.0007916171678411878
2,PERSONAL CARE,0.0004124603753701923
2,PET SUPPLIES,8.513056370492819e-06
2,PLAYERS AND ELECTRONICS,8.94429762864798e-06
2,POULTRY,0.0007632322459855357
2,PREPARED FOODS,0.00019595163247244845
2,PRODUCE,0.0025907951838196014
2,SCHOOL AND OFFICE SUPPLIES,7.17183085916791e-07
2,SEAFOOD,5.0525973105808e-05
3,AUTOMOTIVE,1.4573719149792247e-05
3,BABY CARE,6.259052386182904e-07
3,BEAUTY,1.507854152974926e-05
3,BEVERAGES,0.01057294497283
3,BOOKS,5.029595667468404e-07
3,BREAD/BAKERY,0.0018044879058803798
3,CELEBRATION,4.512665001645263e-05
3,CLEANING,0.003236108913724738
3,DAIRY,0.003201106653505578
3,DELI,0.0006190780521867247
3,EGGS,0.000819620115750836
3,FROZEN FOODS,0.0007046829986184144
3,GROCERY I,0.012080779539255428
3,GROCERY II,0.00012120580433314786
3,HARDWARE,4.704534762293132e-06
3,HOME AND KITCHEN I,6.856736004667066e-05
3,HOME AND KITCHEN II,5.47741596319411e-05
3,HOME APPLIANCES,2.945107685284277e-06
3,HOME CARE,0.0005088125258532056
3,LADIESWEAR,4.8431280651300394e-05
3,LAWN AND GARDEN,3.8481063889158734e-05
3,LINGERIE,4.318094161842643e-05
3,"LIQUOR,WINE,BEER",0.00034435219877982943
3,MAGAZINES,1.9071481645756123e-05
3,MEATS,0.0012727565443082453
3,PERSONAL CARE,0.0007898020646955891
3,PET SUPPLIES,1.83282191748969e-05
3,PLAYERS AND ELECTRONICS,2.7723317600406866e-05
3,POULTRY,0.0017745517377048131
3,PREPARED FOODS,0.0005764270224901421
3,PRODUCE,0.00802249951972082
3,SCHOOL AND OFFICE SUPPLIES,1.1772979488296414e-06
3,SEAFOOD,0.00016667547398681323
4,AUTOMOTIVE,6.302828496621981e-06
4,BABY CARE,2.23537585220818e-08
4,BEAUTY,6.41739150904765e-06
4,BEVERAGES,0.00341652609875646
4,BOOKS,2.477541569530733e-07
4,BREAD/BAKERY,0.0006360407792806578
4,CELEBRATION,1.0011689598077387e-05
4,CLEANING,0.001387654267775272
4,DAIRY,0.0012380126197888259
4,DELI,0.00033882407572218264
4,EGGS,0.0002698806522635139
4,FROZEN FOODS,0.00023628348867420787
4,GROCERY I,0.005249727648264317
4,GROCERY II,3.263648744223943e-05
4,HARDWARE,1.7827122421360236e-06
4,HOME AND KITCHEN I,2.1683145766419347e-05
4,HOME AND KITCHEN II,1.3892860921473837e-05
4,HOME APPLIANCES,6.12865546147076e-07
4,HOME CARE,0.00024116352381547948
4,LADIESWEAR,2.383376361756463e-05
4,LAWN AND GARDEN,1.4686419349007741e-05
4,LINGERIE,7.221195409237508e-06
4,"LIQUOR,WINE,BEER",0.00013041182721782523
4,MAGAZINES,5.475739431304954e-06
4,MEATS,0.0005797730148804835
4,PERSONAL CARE,0.0003576443024410223
4,PET SUPPLIES,6.656763006554942e-06
4,PLAYERS AND ELECTRONICS,8.473937293079175e-06
4,POULTRY,0.0007041634864567306
4,PREPARED FOODS,0.000156406695421444
4,PRODUCE,0.0024585298898706035
4,SCHOOL AND OFFICE SUPPLIES,3.259923117803596e-07
4,SEAFOOD,5.129356365900617e-05
5,AUTOMOTIVE,8.563352327167503e-06
5,BABY CARE,2.0025242009364945e-07
5,BEAUTY,8.088334958573264e-06
5,BEVERAGES,0.0023600269295735435
5,BOOKS,2.1422351916995057e-07
5,BREAD/BAKERY,0.0005987589794660498
5,CELEBRATION,2.4380499294750547e-05
5,CLEANING,0.0015533515028202031
5,DAIRY,0.0008115187410997916
5,DELI,0.0003867861538005409
5,EGGS,0.00017775988198740972
5,FROZEN FOODS,0.00025117167052072977
5,GROCERY I,0.004901696456730045
5,GROCERY II,3.0960886959688375e-05
5,HARDWARE,1.6066763937746292e-06
5,HOME AND KITCHEN I,2.804185865934653e-05
5,HOME AND KITCHEN II,3.4683719160220083e-05
5,HOME APPLIANCES,8.624825163103228e-07
5,HOME CARE,0.0002228697666849708
5,LADIESWEAR,1.3796926041149904e-05
5,LAWN AND GARDEN,4.629090827281106e-06
5,LINGERIE,2.9396123863142654e-05
5,"LIQUOR,WINE,BEER",0.00010284032889404749
5,MAGAZINES,6.118409988814806e-06
5,MEATS,0.00044437819702592877
5,PERSONAL CARE,0.00041928758578547813
5,PET SUPPLIES,2.9795697296724866e-06
5,PLAYERS AND ELECTRONICS,7.473606599216015e-06
5,POULTRY,0.00039084649915684767
5,PREPARED FOODS,0.00013783991504018702
5,PRODUCE,0.001540157437770177
5,SCHOOL AND OFFICE SUPPLIES,7.572335699355209e-07
5,SEAFOOD,2.0825314690224072e-05
6,AUTOMOTIVE,8.408738830723103e-06
6,BABY CARE,1.11768792610409e-08
6,BEAUTY,8.884687605922428e-06
6,BEVERAGES,0.004715810370654312
6,BOOKS,7.078690198659237e-08
6,BREAD/BAKERY,0.0008560583806164445
6,CELEBRATION,1.4672448249931442e-05
6,CLEANING,0.0019383754338243553
6,DAIRY,0.0015014591152244005
6,DELI,0.0005358944254144489
6,EGGS,0.0003213613581398683
6,FROZEN FOODS,0.0003526654309527979
6,GROCERY I,0.0072711618053817074
6,GROCERY II,5.520633229670135e-05
6,HARDWARE,1.4613769633810976e-06
6,HOME AND KITCHEN I,2.731908713379922e-05
6,HOME AND KITCHEN II,4.606457646777498e-05
6,HOME APPLIANCES,6.156597659623362e-07
6,HOME CARE,0.00031698654131577584
6,LADIESWEAR,3.02288013680902e-05
6,LAWN AND GARDEN,1.2211671999292269e-05
6,LINGERIE,1.2776104401974836e-05
6,"LIQUOR,WINE,BEER",0.00014645716880365452
6,MAGAZINES,5.7383960939394155e-06
6,MEATS,0.0007769107493481837
6,PERSONAL CARE,0.0005040707348267089
6,PET SUPPLIES,9.267495720613079e-06
6,PLAYERS AND ELECTRONICS,1.2187455427560014e-05
6,POULTRY,0.0009898614235453191
6,PREPARED FOODS,0.0002205553925225429
6,PRODUCE,0.0026949166897891593
6,SCHOOL AND OFFICE SUPPLIES,4.1540734586868675e-07
6,SEAFOOD,6.816066583448812e-05
7,AUTOMOTIVE,6.659557226370203e-06
7,BABY CARE,4.47075170441636e-08
7,BEAUTY,5.720699368442767e-06
7,BEVERAGES,0.005208992962267557
7,BOOKS,1.9652679367330248e-07
7,BREAD/BAKERY,0.0010079662653089893
7,CELEBRATION,1.7664126265470057e-05
7,CLEANING,0.0016492873145507426
7,DAIRY,0.0019217786995283147
7,DELI,0.00026508469722136144
7,EGGS,0.0004468702609885169
7,FROZEN FOODS,0.0004041245320249269
7,GROCERY I,0.005819404248284603
7,GROCERY II,6.279170768852778e-05
7,HARDWARE,3.211489974339085e-06
7,HOME AND KITCHEN I,2.2724458350906323e-05
7,HOME AND KITCHEN II,2.176138392124663e-05
7,HOME APPLIANCES,1.2145542130331112e-06
7,HOME CARE,0.00023592715588168184
7,LADIESWEAR,1.1412525132127846e-05
7,LAWN AND GARDEN,2.9850650286424982e-05
7,LINGERIE,1.3966442043275691e-05
7,"LIQUOR,WINE,BEER",0.00024991781449668977
7,MAGAZINES,1.0405674592029077e-05
7,MEATS,0.0008196505346057219
7,PERSONAL CARE,0.000334554732700922
7,PET SUPPLIES,6.036446207567172e-06
7,PLAYERS AND ELECTRONICS,1.0839710069999499e-05
7,POULTRY,0.0009487621586910911
7,PREPARED FOODS,0.0002814042298900025
7,PRODUCE,0.005194300211216448
7,SCHOOL AND OFFICE SUPPLIES,4.992339403264935e-07
7,SEAFOOD,9.029129095617679e-05
8,AUTOMOTIVE,8.280204719221134e-06
8,BABY CARE,1.322597379223173e-07
8,BEAUTY,1.127374554796992e-05
8,BEVERAGES,0.005911777433476312
8,BOOKS,2.952558938124971e-07
8,BREAD/BAKERY,0.001180732996228162
8,CELEBRATION,2.326281136864646e-05
8,CLEANING,0.001978359787974124
8,DAIRY,0.0022109851074407732
8,DELI,0.0004368770502832609
8,EGGS,0.0005129684621251027
8,FROZEN FOODS,0.0003726330171953538
8,GROCERY I,0.007367394578411553
8,GROCERY II,6.50522315190733e-05
8,HARDWARE,3.745185959053788e-06
8,HOME AND KITCHEN I,4.6615037771381244e-05
8,HOME AND KITCHEN II,4.030382661531348e-05
8,HOME APPLIANCES,1.8330081988107075e-06
8,HOME CARE,0.0003650601618307229
8,LADIESWEAR,3.892348202657493e-05
8,LAWN AND GARDEN,2.637557224284635e-05
8,LINGERIE,3.510750916553455e-05
8,"LIQUOR,WINE,BEER",0.00023151694560659612
8,MAGAZINES,1.291767820594802e-05
8,MEATS,0.0008145548720975773
8,PERSONAL CARE,0.0005136893708374398
8,PET SUPPLIES,1.5927052946983283e-05
8,PLAYERS AND ELECTRONICS,1.765760641923445e-05
8,POULTRY,0.0009389894057912896
8,PREPARED FOODS,0.0003324450445490314
8,PRODUCE,0.004798817712063711
8,SCHOOL AND OFFICE SUPPLIES,6.612986896115865e-07
8,SEAFOOD,8.74145492245063e-05
9,AUTOMOTIVE,2.1755795481616112e-05
9,BABY CARE,3.129526193091452e-07
9,BEAUTY,8.646247515020222e-06
9,BEVERAGES,0.004300673132701101
9,BOOKS,0.0
9,BREAD/BAKERY,0.0008902756894061111
9,CELEBRATION,1.514187717889516e-05
9,CLEANING,0.0027004886429639256
9,DAIRY,0.001169776840493566
9,DELI,0.0009169731167271106
9,EGGS,0.0003021892845807628
9,FROZEN FOODS,0.00019560949208046298
9,GROCERY I,0.009642944754460677
9,GROCERY II,1.798918717064533e-05
9,HARDWARE,2.9581473777554915e-06
9,HOME AND KITCHEN I,5.205258953187764e-05
9,HOME AND KITCHEN II,3.0733623748047216e-05
9,HOME APPLIANCES,6.175225791725097e-07
9,HOME CARE,0.00045301661317548433
9,LADIESWEAR,1.4863386603974223e-05
9,LAWN AND GARDEN,6.601810016854825e-06
9,LINGERIE,1.4199293694547376e-05
9,"LIQUOR,WINE,BEER",8.061603589007275e-05
9,MAGAZINES,2.5986244281920093e-06
9,MEATS,0.0005912299818366074
9,PERSONAL CARE,0.000695417044962519
9,PET SUPPLIES,5.305292022574081e-06
9,PLAYERS AND ELECTRONICS,1.0706518925472095e-05
9,POULTRY,0.0007589609332656372
9,PREPARED FOODS,0.0001392228675255065
9,PRODUCE,0.0015200765298818103
9,SCHOOL AND OFFICE SUPPLIES,9.491033305833897e-06
9,SEAFOOD,2.6482982246556947e-05
10,AUTOMOTIVE,4.835863093610362e-06
10,BABY CARE,4.293784449449879e-07
10,BEAUTY,2.1534120709605467e-06
10,BEVERAGES,0.0014039473635180542
10,BOOKS,0.0
10,BREAD/BAKERY,0.00017829078375230918
10,CELEBRATION,4.111228754852878e-06
10,CLEANING,0.0012199843135407668
10,DAIRY,0.00039357424363884846
10,DELI,0.00039082845696705276
10,EGGS,7.662309577406588e-05
10,FROZEN FOODS,6.823314061289631e-05
10,GROCERY I,0.0038431887241057645
10,GROCERY II,5.8026631496904e-06
10,HARDWARE,1.0720490024548397e-06
10,HOME AND KITCHEN I,1.1583903947463805e-05
10,HOME AND KITCHEN II,8.463691820423221e-06
10,HOME APPLIANCES,2.8314760794636947e-07
10,HOME CARE,0.00018772034422220735
10,LADIESWEAR,5.113422261926211e-06
10,LAWN AND GARDEN,2.421657173225528e-08
10,LINGERIE,5.078960217538002e-06
10,"LIQUOR,WINE,BEER",1.9085452744832423e-05
10,MAGAZINES,3.883965543211713e-07
10,MEATS,0.00029308620522389996
10,PERSONAL CARE,0.0002801512728978054
10,PET SUPPLIES,5.18793479033315e-07
10,PLAYERS AND ELECTRONICS,3.637142792863726e-06
10,POULTRY,0.00027472022989235477
10,PREPARED FOODS,3.2673743706442896e-05
10,PRODUCE,0.000233539850828237
10,SCHOOL AND OFFICE SUPPLIES,7.991468671644243e-07
10,SEAFOOD,4.512665001645263e-06
11,AUTOMOTIVE,1.049322681290723e-05
11,BABY CARE,2.9618730041758386e-07
11,BEAUTY,7.459635500139714e-06
11,BEVERAGES,0.005718187364828848
11,BOOKS,0.0
11,BREAD/BAKERY,0.000950867414693424
11,CELEBRATION,1.590190496864594e-05
11,CLEANING,0.0030492249726338985
11,DAIRY,0.0008044447079341577
11,DELI,0.0006748699930113754
11,EGGS,0.00024705746481246837
11,FROZEN FOODS,0.00016038059656375844
11,GROCERY I,0.010287337946623823
11,GROCERY II,2.738149137634003e-05
11,HARDWARE,1.146561530861779e-06
11,HOME AND KITCHEN I,3.6885564374645145e-05
11,HOME AND KITCHEN II,2.180143440526536e-05
11,HOME APPLIANCES,6.370821178793313e-07
11,HOME CARE,0.0005167713952936718
11,LADIESWEAR,1.2304812659800943e-05
11,LAWN AND GARDEN,2.567888010224147e-06
11,LINGERIE,1.7246856106391196e-05
11,"LIQUOR,WINE,BEER",6.936184988080965e-05
11,MAGAZINES,2.3042999409845986e-06
11,MEATS,0.0009734011394041453
11,PERSONAL CARE,0.0006149947416463043
11,PET SUPPLIES,1.5843226352525476e-06
11,PLAYERS AND ELECTRONICS,1.2175347141693886e-05
11,POULTRY,0.000801540907004807
11,PREPARED FOODS,8.609410196948878e-05
11,PRODUCE,0.0012386304939739916
11,SCHOOL AND OFFICE SUPPLIES,6.215276275743827e-06
11,SEAFOOD,1.3045280910844903e-05
12,AUTOMOTIVE,7.45497846711428e-06
12,BABY CARE,1.6672178231052676e-07
12,BEAUTY,1.5163299530812153e-06
12,BEVERAGES,0.0020334673911706863
12,BOOKS,0.0
12,BREAD/BAKERY,0.0002925566774709557
12,CELEBRATION,9.634469923017255e-06
12,CLEANING,0.0012105556844774737
12,DAIRY,0.0005260659018058324
12,DELI,0.00030831235160260303
12,EGGS,0.00011755934747423327
12,FROZEN FOODS,7.469522015768759e-05
12,GROCERY I,0.003919846965576667
12,GROCERY II,9.952079575351834e-06
12,HARDWARE,1.5349580851829502e-06
12,HOME AND KITCHEN I,1.6191572422827917e-05
12,HOME AND KITCHEN II,1.3116999219436583e-05
12,HOME APPLIANCES,3.4741466369735464e-07
12,HOME CARE,0.00017668783298495488
12,LADIESWEAR,2.034192025509444e-06
12,LAWN AND GARDEN,1.4902505681387865e-08
12,LINGERIE,1.014767496242005e-05
12,"LIQUOR,WINE,BEER",6.0115776512113564e-05
12,MAGAZINES,1.1726409158042077e-06
12,MEATS,0.00022982991701927464
12,PERSONAL CARE,0.00024420829200750806
12,PET SUPPLIES,8.121865596356387e-07
12,PLAYERS AND ELECTRONICS,4.616051134809892e-06
12,POULTRY,0.00027956638363649846
12,PREPARED FOODS,5.218391786319487e-05
12,PRODUCE,0.00031858309917830077
12,SCHOOL AND OFFICE SUPPLIES,8.550312634696288e-07
12,SEAFOOD,4.263048031482017e-06
13,AUTOMOTIVE,8.664875647121958e-06
13,BABY CARE,0.0
13,BEAUTY,2.0099754537771883e-06
13,BEVERAGES,0.00202422131780199
13,BOOKS,0.0
13,BREAD/BAKERY,0.00025821105890838213
13,CELEBRATION,6.440676674174818e-06
13,CLEANING,0.0012229424609185222
13,DAIRY,0.00042326841761561887
13,DELI,0.0002487097801298923
13,EGGS,8.193025060985014e-05
13,FROZEN FOODS,5.2183803316947764e-05
13,GROCERY I,0.004256603423340562
13,GROCERY II,1.1446055769910967e-05
13,HARDWARE,8.40128757788241e-07
13,HOME AND KITCHEN I,1.6745759352854528e-05
13,HOME AND KITCHEN II,1.2668061235784773e-05
13,HOME APPLIANCES,2.4309712392763956e-07
13,HOME CARE,0.00016776123208180356
13,LADIESWEAR,4.261185218271843e-06
13,LAWN AND GARDEN,1.9559538706821575e-08
13,LINGERIE,4.8051266756425e-06
13,"LIQUOR,WINE,BEER",5.063312586572545e-05
13,MAGAZINES,7.218401189422248e-07
13,MEATS,0.0002403323837741009
13,PERSONAL CARE,0.0002825617531917699
13,PET SUPPLIES,3.781510816652171e-07
13,PLAYERS AND ELECTRONICS,3.7256264203469664e-06
13,POULTRY,0.00018597238789442032
13,PREPARED FOODS,4.326569961948932e-05
13,PRODUCE,0.0001858362909550176
13,SCHOOL AND OFFICE SUPPLIES,6.603672830064998e-07
13,SEAFOOD,3.1705080837152687e-06
14,AUTOMOTIVE,5.675060444793517e-06
14,BABY CARE,1.0245472655954158e-08
14,BEAUTY,1.9904159150703667e-06
14,BEVERAGES,0.0015109827477614124
14,BOOKS,0.0
14,BREAD/BAKERY,0.0003007428101230631
14,CELEBRATION,7.33203279524283e-06
14,CLEANING,0.001712396631891605
14,DAIRY,0.0005517401248750485
14,DELI,0.00034569714991757467
14,EGGS,5.8994362959589126e-05
14,FROZEN FOODS,9.66005973214701e-05
14,GROCERY I,0.004157152233465454
14,GROCERY II,9.535740822878062e-06
14,HARDWARE,5.318331715045294e-07
14,HOME AND KITCHEN I,1.9146925580768147e-05
14,HOME AND KITCHEN II,1.9434730221739952e-05
14,HOME APPLIANCES,3.036385532582778e-07
14,HOME CARE,0.00024116166100226932
14,LADIESWEAR,1.5079472936354347e-06
14,LAWN AND GARDEN,0.0
14,LINGERIE,7.450321434088846e-06
14,"LIQUOR,WINE,BEER",3.95652211774797e-05
14,MAGAZINES,1.2518104772365808e-06
14,MEATS,0.0004719160045891568
14,PERSONAL CARE,0.00043083702768855376
14,PET SUPPLIES,6.920351075794491e-07
14,PLAYERS AND ELECTRONICS,4.684975223586311e-06
14,POULTRY,0.00014871101097748915
14,PREPARED FOODS,9.515995002850223e-05
14,PRODUCE,0.00035830507121616
14,SCHOOL AND OFFICE SUPPLIES,5.206562922434886e-07
14,SEAFOOD,6.7517664802737905e-06
15,AUTOMOTIVE,4.209957854992072e-06
15,BABY CARE,1.4716224360370519e-06
15,BEAUTY,3.0261400599268237e-06
15,BEVERAGES,0.0019396775402582666
15,BOOKS,0.0
15,BREAD/BAKERY,0.00023972636342383064
15,CELEBRATION,4.735271180260995e-06
15,CLEANING,0.0013688258832534434
15,DAIRY,0.0004743393045857351
15,DELI,0.0004251312308257924
15,EGGS,0.0001233033320078032
15,FROZEN FOODS,0.00010048189931562479
15,GROCERY I,0.0042641863109453455
15,GROCERY II,1.51670251572325e-05
15,HARDWARE,1.4334347652284953e-06
15,HOME AND KITCHEN I,4.630115374546702e-05
15,HOME AND KITCHEN II,1.6372265304214746e-05
15,HOME APPLIANCES,1.8162428799191462e-07
15,HOME CARE,0.00023044396519753617
15,LADIESWEAR,8.834391649247744e-06
15,LAWN AND GARDEN,1.3971099076301125e-08
15,LINGERIE,7.397231257598902e-06
15,"LIQUOR,WINE,BEER",3.867013942999134e-05
15,MAGAZINES,1.1754351356194679e-06
15,MEATS,0.00019722204917044638
15,PERSONAL CARE,0.00028457917989838777
15,PET SUPPLIES,6.259052386182904e-07
15,PLAYERS AND ELECTRONICS,4.18480987665473e-06
15,POULTRY,0.0001955114337791745
15,PREPARED FOODS,4.841078970598848e-05
15,PRODUCE,0.0006112511475822214
15,SCHOOL AND OFFICE SUPPLIES,6.762011952929744e-07
15,SEAFOOD,8.221526103100668e-06
16,AUTOMOTIVE,9.023467190080354e-06
16,BABY CARE,1.4716224360370517e-07
16,BEAUTY,1.370099116082597e-06
16,BEVERAGES,0.0017006255152165189
16,BOOKS,0.0
16,BREAD/BAKERY,0.0003167471698182686
16,CELEBRATION,5.670403411768083e-06
16,CLEANING,0.0015712848055945434
16,DAIRY,0.0003838280049232208
16,DELI,0.00033559977091182934
16,EGGS,0.0002789562782234791
16,FROZEN FOODS,6.522585317874533e-05
16,GROCERY I,0.004011821821694018
16,GROCERY II,9.268427127218167e-06
16,HARDWARE,9.286123852714814e-07
16,HOME AND KITCHEN I,1.9707632357030366e-05
16,HOME AND KITCHEN II,1.2180935581324407e-05
16,HOME APPLIANCES,1.9559538706821575e-07
16,HOME CARE,0.00021058078793745634
16,LADIESWEAR,0.0
16,LAWN AND GARDEN,2.5147978337342026e-08
16,LINGERIE,6.159391879438622e-06
16,"LIQUOR,WINE,BEER",5.632029459638509e-05
16,MAGAZINES,9.109156597748333e-07
16,MEATS,0.00011978426503110186
16,PERSONAL CARE,0.00030911429268958273
16,PET SUPPLIES,4.172701590788603e-07
16,PLAYERS AND ELECTRONICS,3.0652591373404666e-06
16,POULTRY,0.0001477915287182243
16,PREPARED FOODS,6.555332827260997e-05
16,PRODUCE,0.0005839756403208037
16,SCHOOL AND OFFICE SUPPLIES,2.1860113021385827e-06
16,SEAFOOD,4.351531658965257e-06
17,AUTOMOTIVE,9.581379746527311e-06
17,BABY CARE,2.393714975072926e-07
17,BEAUTY,2.8752521899027714e-06
17,BEVERAGES,0.003768249449408946
17,BOOKS,0.0
17,BREAD/BAKERY,0.0003957760888532735
17,CELEBRATION,7.314336069746182e-06
17,CLEANING,0.0016730484284531106
17,DAIRY,0.0008555901074326808
17,DELI,0.000665233882518078
17,EGGS,0.0002833692827183801
17,FROZEN FOODS,0.00015095634335673922
17,GROCERY I,0.006010958467934207
17,GROCERY II,1.2872970688903856e-05
17,HARDWARE,1.1568070035177332e-06
17,HOME AND KITCHEN I,2.6556265124233177e-05
17,HOME AND KITCHEN II,2.4636636111149404e-05
17,HOME APPLIANCES,2.729021352904153e-07
17,HOME CARE,0.00029746425887315777
17,LADIESWEAR,2.9898152023284404e-06
17,LAWN AND GARDEN,1.9280116725295551e-07
17,LINGERIE,8.340746148551771e-06
17,"LIQUOR,WINE,BEER",6.124557272408379e-05
17,MAGAZINES,1.979239035809326e-06
17,MEATS,0.00039661457927429465
17,PERSONAL CARE,0.00035813887934832336
17,PET SUPPLIES,1.586185448462721e-06
17,PLAYERS AND ELECTRONICS,8.055735727395228e-06
17,POULTRY,0.0004721085721726729
17,PREPARED FOODS,0.00010241374466891777
17,PRODUCE,0.0011759966142523837
17,SCHOOL AND OFFICE SUPPLIES,9.127784729850068e-07
17,SEAFOOD,1.7436361957075352e-05
18,AUTOMOTIVE,5.972179151816187e-06
18,BABY CARE,1.5554490304948586e-07
18,BEAUTY,3.1360460393270593e-06
18,BEVERAGES,0.002579780209757894
18,BOOKS,0.0
18,BREAD/BAKERY,0.0010336244609755107
18,CELEBRATION,7.318993102771616e-06
18,CLEANING,0.0009414853559603852
18,DAIRY,0.0007423524866060501
18,DELI,0.00032163194439410796
18,EGGS,0.00025328950640710377
18,FROZEN FOODS,8.898237980718255e-05
18,GROCERY I,0.0038548025848838675
18,GROCERY II,2.6094287448110153e-05
18,HARDWARE,1.4576513369607506e-06
18,HOME AND KITCHEN I,2.2526068744022845e-05
18,HOME AND KITCHEN II,1.3176609242162134e-05
18,HOME APPLIANCES,2.701079154751551e-07
18,HOME CARE,0.0001707864407351253
18,LADIESWEAR,9.846830628977033e-06
18,LAWN AND GARDEN,2.2092964672657513e-06
18,LINGERIE,6.854221206833332e-06
18,"LIQUOR,WINE,BEER",8.940851424209159e-05
18,MAGAZINES,1.813448660103886e-06
18,MEATS,0.0001547533553415996
18,PERSONAL CARE,0.00023416120895843737
18,PET SUPPLIES,2.8864290691638123e-06
18,PLAYERS AND ELECTRONICS,6.743383820828009e-06
18,POULTRY,0.000305086310703428
18,PREPARED FOODS,7.833005766331931e-05
18,PRODUCE,0.0013732074280372634
18,SCHOOL AND OFFICE SUPPLIES,3.0205516202963033e-06
18,SEAFOOD,1.4706203072906797e-05
19,AUTOMOTIVE,1.02706206342915e-05
19,BABY CARE,1.8628132101734832e-07
19,BEAUTY,2.5185234601545493e-06
19,BEVERAGES,0.003070725562705721
19,BOOKS,0.0
19,BREAD/BAKERY,0.0002823382156065491
19,CELEBRATION,8.253193927673618e-06
19,CLEANING,0.0014543187641277502
19,DAIRY,0.00045403557200144923
19,DELI,0.00042957776595847644
19,EGGS,0.00010173940628683497
19,FROZEN FOODS,9.569706508857555e-05
19,GROCERY I,0.004736815123625697
19,GROCERY II,1.5482771996356905e-05
19,HARDWARE,2.0109068603822753e-06
19,HOME AND KITCHEN I,2.2248509575706997e-05
19,HOME AND KITCHEN II,1.3357302123548961e-05
19,HOME APPLIANCES,2.552054097937672e-07
19,HOME CARE,0.0001963991909684056
19,LADIESWEAR,8.279273312616046e-06
19,LAWN AND GARDEN,2.5147978337342026e-08
19,LINGERIE,6.9538817135776134e-06
19,"LIQUOR,WINE,BEER",5.295139690578635e-05
19,MAGAZINES,1.603882173959369e-06
19,MEATS,0.0002216320557822434
19,PERSONAL CARE,0.0002933670012173812
19,PET SUPPLIES,8.922875276730985e-07
19,PLAYERS AND ELECTRONICS,4.6458561461726675e-06
19,POULTRY,0.0001911648872393485
19,PREPARED FOODS,5.253598955991766e-05
19,PRODUCE,0.00041647954827380947
19,SCHOOL AND OFFICE SUPPLIES,8.270890653170266e-07
19,SEAFOOD,6.8113765029993416e-06
20,AUTOMOTIVE,7.056336440137155e-06
20,BABY CARE,4.889884676705393e-07
20,BEAUTY,4.468888891206187e-06
20,BEVERAGES,0.002571508387698119
20,BOOKS,0.0
20,BREAD/BAKERY,0.0004027685550168734
20,CELEBRATION,6.283268957915159e-06
20,CLEANING,0.0011023849155825148
20,DAIRY,0.0006420297497655521
20,DELI,0.0005120663939059836
20,EGGS,0.0001048484415346145
20,FROZEN FOODS,9.370299633744245e-05
20,GROCERY I,0.004456802869683547
20,GROCERY II,1.10995725128187e-05
20,HARDWARE,6.66887129242107e-07
20,HOME AND KITCHEN I,2.3564587108694564e-05
20,HOME AND KITCHEN II,1.3259504430014854e-05
20,HOME APPLIANCES,1.546134964443991e-07
20,HOME CARE,0.0002550377566048516
20,LADIESWEAR,6.515189202581758e-06
20,LAWN AND GARDEN,4.827480434164582e-06
20,LINGERIE,2.955353157940231e-06
20,"LIQUOR,WINE,BEER",3.6481333908037496e-05
20,MAGAZINES,1.0049877268885942e-06
20,MEATS,0.0002510041450230027
20,PERSONAL CARE,0.00033025815403165684
20,PET SUPPLIES,2.3182710400609e-06
20,PLAYERS AND ELECTRONICS,4.354325878780517e-06
20,POULTRY,0.00031774529594348443
20,PREPARED FOODS,6.920962830079417e-05
20,PRODUCE,0.0007842234545529066
20,SCHOOL AND OFFICE SUPPLIES,4.777184477489898e-06
20,SEAFOOD,1.0794934548258018e-05
21,AUTOMOTIVE,7.304090597090228e-06
21,BABY CARE,4.5545782988741666e-07
21,BEAUTY,3.406153954802214e-06
21,BEVERAGES,0.0018290888398165026
21,BOOKS,0.0
21,BREAD/BAKERY,0.0003425303674602798
21,CELEBRATION,5.2875952970774326e-06
21,CLEANING,0.0008962106122937238
21,DAIRY,0.00039288313993787407
21,DELI,0.00022650116360254557
21,EGGS,0.00015304221350161777
21,FROZEN FOODS,6.909024605088278e-05
21,GROCERY I,0.0029458676506697854
21,GROCERY II,9.576722713501877e-06
21,HARDWARE,6.575730631912396e-07
21,HOME AND KITCHEN I,2.4564917802557723e-05
21,HOME AND KITCHEN II,2.102091567020267e-05
21,HOME APPLIANCES,2.216747720106445e-07
21,HOME CARE,0.0002252364708684962
21,LADIESWEAR,3.752637211894482e-06
21,LAWN AND GARDEN,1.7603584836139417e-06
21,LINGERIE,6.458373399671466e-06
21,"LIQUOR,WINE,BEER",4.779792415984141e-05
21,MAGAZINES,1.503290260610001e-06
21,MEATS,7.845029951583779e-05
21,PERSONAL CARE,0.00022736473496111942
21,PET SUPPLIES,1.341225511324908e-06
21,PLAYERS AND ELECTRONICS,5.604273542806924e-06
21,POULTRY,0.00012158968173335758
21,PREPARED FOODS,7.264425716709974e-05
21,PRODUCE,0.000892084198071863
21,SCHOOL AND OFFICE SUPPLIES,3.2683057772493765e-06
21,SEAFOOD,4.073972490649408e-06
22,AUTOMOTIVE,3.424782086903949e-06
22,BABY CARE,1.8255569459700135e-07
22,BEAUTY,9.779769353410786e-07
22,BEVERAGES,0.0007990434810312597
22,BOOKS,0.0
22,BREAD/BAKERY,8.436215325573162e-05
22,CELEBRATION,5.6592265325070425e-06
22,CLEANING,0.0003878870749081888
22,DAIRY,0.00018950678209076372
22,DELI,0.00010179715349635034
22,EGGS,3.2951302874758744e-05
22,FROZEN FOODS,4.6279494835831865e-05
22,GROCERY I,0.001462552686321358
22,GROCERY II,3.6529767051502006e-06
22,HARDWARE,6.501218103505457e-07
22,HOME AND KITCHEN I,2.5058563303253695e-05
22,HOME AND KITCHEN II,1.1912690479059425e-05
22,HOME APPLIANCES,2.123607059597771e-07
22,HOME CARE,9.869091246838605e-05
22,LADIESWEAR,3.259923117803596e-07
22,LAWN AND GARDEN,1.11768792610409e-08
22,LINGERIE,4.4530549789197115e-06
22,"LIQUOR,WINE,BEER",2.1483824752930783e-05
22,MAGAZINES,1.7836436487411103e-06
22,MEATS,6.568468923855183e-05
22,PERSONAL CARE,9.973781349250355e-05
22,PET SUPPLIES,6.072771065165556e-07
22,PLAYERS AND ELECTRONICS,3.5169913408075365e-06
22,POULTRY,7.751885641544605e-05
22,PREPARED FOODS,2.8351085652235328e-05
22,PRODUCE,0.00024963831972573753
22,SCHOOL AND OFFICE SUPPLIES,3.89327960926258e-07
22,SEAFOOD,1.3365684782994743e-06
23,AUTOMOTIVE,3.609200594711124e-06
23,BABY CARE,0.0
23,BEAUTY,2.372292623155931e-06
23,BEVERAGES,0.0018425746760515535
23,BOOKS,8.196378124763326e-08
23,BREAD/BAKERY,0.00042924770158358897
23,CELEBRATION,1.3688882874959841e-05
23,CLEANING,0.0008992786656508796
23,DAIRY,0.0007292755378706322
23,DELI,0.00020913287902603258
23,EGGS,8.656120425034143e-05
23,FROZEN FOODS,0.0001571869413214327
23,GROCERY I,0.003110631678700662
23,GROCERY II,3.7989281201672934e-05
23,HARDWARE,2.0863507953943014e-07
23,HOME AND KITCHEN I,1.0557493868658216e-05
23,HOME AND KITCHEN II,1.3951539537594304e-05
23,HOME APPLIANCES,3.3158075141088005e-07
23,HOME CARE,0.0001361017901683001
23,LADIESWEAR,1.066833125466354e-05
23,LAWN AND GARDEN,1.4660339964065312e-06
23,LINGERIE,7.190458991269645e-06
23,"LIQUOR,WINE,BEER",8.60004974740792e-05
23,MAGAZINES,3.377280350044525e-06
23,MEATS,0.0010255953609901653
23,PERSONAL CARE,0.0002199116193072153
23,PET SUPPLIES,2.754169331241495e-06
23,PLAYERS AND ELECTRONICS,3.920290400810096e-06
23,POULTRY,0.00046512712567900737
23,PREPARED FOODS,7.749875956130843e-05
23,PRODUCE,0.0012411858530751267
23,SCHOOL AND OFFICE SUPPLIES,2.7197072868532855e-07
23,SEAFOOD,2.4423222913583642e-05
24,AUTOMOTIVE,5.162786811995809e-06
24,BABY CARE,6.612986896115865e-08
24,BEAUTY,7.681310272150359e-06
24,BEVERAGES,0.00442554681624508
24,BOOKS,2.1142929935469034e-07
24,BREAD/BAKERY,0.0010852370978032557
24,CELEBRATION,1.685939095867511e-05
24,CLEANING,0.0017414555865637063
24,DAIRY,0.0016831877207560849
24,DELI,0.00039699521913215586
24,EGGS,0.0003207848174513196
24,FROZEN FOODS,0.00032670831006025887
24,GROCERY I,0.005908044355803124
24,GROCERY II,4.027122738413545e-05
24,HARDWARE,1.7454559779325538e-06
24,HOME AND KITCHEN I,2.3996759773454812e-05
24,HOME AND KITCHEN II,4.413749620185051e-05
24,HOME APPLIANCES,5.411472375553969e-07
24,HOME CARE,0.00026903493506609516
24,LADIESWEAR,1.3242739111123292e-05
24,LAWN AND GARDEN,2.1268669827155744e-05
24,LINGERIE,1.4462881763786923e-05
24,"LIQUOR,WINE,BEER",0.00015621924143156864
24,MAGAZINES,1.0260375161635546e-05
24,MEATS,0.0006085248694173646
24,PERSONAL CARE,0.00041296333493693916
24,PET SUPPLIES,1.3977618922536731e-05
24,PLAYERS AND ELECTRONICS,1.1324972911249692e-05
24,POULTRY,0.0007642669111015227
24,PREPARED FOODS,0.00020243902192527237
24,PRODUCE,0.0035542274525388546
24,SCHOOL AND OFFICE SUPPLIES,8.848362748324045e-07
24,SEAFOOD,5.569230832064609e-05
25,AUTOMOTIVE,3.2478148319374683e-06
25,BABY CARE,2.887360475768899e-08
25,BEAUTY,3.717243760901186e-06
25,BEVERAGES,0.0027606342244874023
25,BOOKS,1.164258256358427e-07
25,BREAD/BAKERY,0.00045124939106904523
25,CELEBRATION,6.973441252284435e-06
25,CLEANING,0.0007341225778435037
25,DAIRY,0.0007346655878942692
25,DELI,0.0001973164618073167
25,EGGS,0.00016741288601150112
25,FROZEN FOODS,0.0002686765679781575
25,GROCERY I,0.0026436933309989465
25,GROCERY II,1.8025512028243712e-05
25,HARDWARE,1.3067634669366985e-06
25,HOME AND KITCHEN I,2.8578348863876494e-05
25,HOME AND KITCHEN II,1.754583762662404e-05
25,HOME APPLIANCES,2.0863507953943014e-07
25,HOME CARE,0.0001034159381759911
25,LADIESWEAR,0.0
25,LAWN AND GARDEN,1.5954063738530797e-05
25,LINGERIE,1.3374067442440524e-05
25,"LIQUOR,WINE,BEER",0.00027479568491855664
25,MAGAZINES,5.2354365271925746e-06
25,MEATS,0.0003156408162182609
25,PERSONAL CARE,0.00016630637496465805
25,PET SUPPLIES,3.2599231178035956e-06
25,PLAYERS AND ELECTRONICS,5.079891624143089e-06
25,POULTRY,0.000245276117044684
25,PREPARED FOODS,8.117605345012948e-05
25,PRODUCE,0.0013614930731528183
25,SCHOOL AND OFFICE SUPPLIES,5.271761384790958e-07
25,SEAFOOD,8.538314252946748e-06
26,AUTOMOTIVE,5.593096663545883e-06
26,BABY CARE,8.94150340883272e-08
26,BEAUTY,1.4837307219031794e-06
26,BEVERAGES,0.001243588019726875
26,BOOKS,1.3039692471214384e-08
26,BREAD/BAKERY,0.0003531172881892191
26,CELEBRATION,6.892408877641888e-06
26,CLEANING,0.0006892800068416025
26,DAIRY,0.0003722487580087824
26,DELI,0.00014236318237268348
26,EGGS,6.553842576692857e-05
26,FROZEN FOODS,0.00012146686833752366
26,GROCERY I,0.0025337407812684567
26,GROCERY II,7.068444726003282e-06
26,HARDWARE,1.2657815763128818e-06
26,HOME AND KITCHEN I,1.2018870832039315e-05
26,HOME AND KITCHEN II,8.342608961761944e-06
26,HOME APPLIANCES,3.1667824572949213e-07
26,HOME CARE,8.772453110009476e-05
26,LADIESWEAR,1.748250197747814e-06
26,LAWN AND GARDEN,2.5697508234343203e-06
26,LINGERIE,6.1389009341267144e-06
26,"LIQUOR,WINE,BEER",5.261702193456021e-05
26,MAGAZINES,3.530031033278751e-07
26,MEATS,0.0004395982978707477
26,PERSONAL CARE,0.0002521159340846945
26,PET SUPPLIES,1.398972720840286e-06
26,PLAYERS AND ELECTRONICS,1.8320767922056207e-06
26,POULTRY,0.00025427625869502363
26,PREPARED FOODS,2.8549475259118803e-05
26,PRODUCE,0.000523613141296321
26,SCHOOL AND OFFICE SUPPLIES,8.717965823611901e-07
26,SEAFOOD,5.336936097489429e-06
27,AUTOMOTIVE,7.642191194736715e-06
27,BABY CARE,8.289518785272001e-08
27,BEAUTY,5.5530461795271534e-06
27,BEVERAGES,0.0037720356172586235
27,BOOKS,9.314066050867416e-08
27,BREAD/BAKERY,0.0009408828371587342
27,CELEBRATION,1.5594540788967315e-05
27,CLEANING,0.0012394907620710985
27,DAIRY,0.0012427218115841443
27,DELI,0.0003917986613887869
27,EGGS,0.00033105264386579583
27,FROZEN FOODS,0.00025174049985276066
27,GROCERY I,0.004990415117218826
27,GROCERY II,3.4028940316844104e-05
27,HARDWARE,2.749512298216061e-06
27,HOME AND KITCHEN I,1.8636514761180614e-05
27,HOME AND KITCHEN II,2.2318365071088504e-05
27,HOME APPLIANCES,5.18793479033315e-07
27,HOME CARE,0.00021086207273219253
27,LADIESWEAR,7.055405033532068e-06
27,LAWN AND GARDEN,2.1054446307985796e-05
27,LINGERIE,9.512455657750892e-06
27,"LIQUOR,WINE,BEER",0.0002457423186860859
27,MAGAZINES,3.5067458681515822e-06
27,MEATS,0.00041913524402141137
27,PERSONAL CARE,0.0003192899098501554
27,PET SUPPLIES,8.214074850259974e-06
27,PLAYERS AND ELECTRONICS,8.660218614096523e-06
27,POULTRY,0.0005927611235577386
27,PREPARED FOODS,0.00014031999105650522
27,PRODUCE,0.002580143992029863
27,SCHOOL AND OFFICE SUPPLIES,9.69594275895298e-07
27,SEAFOOD,3.726637042823022e-05
28,AUTOMOTIVE,1.1198301612957895e-05
28,BABY CARE,4.005048401872989e-08
28,BEAUTY,3.046631005238732e-06
28,BEVERAGES,0.003517641462617887
28,BOOKS,0.0
28,BREAD/BAKERY,0.0008824770219017198
28,CELEBRATION,1.1727340564647163e-05
28,CLEANING,0.0015976724861232559
28,DAIRY,0.0010045071210803694
28,DELI,0.0005276498498684674
28,EGGS,0.0003669313577003422
28,FROZEN FOODS,0.00014767396312967383
28,GROCERY I,0.00577700502412154
28,GROCERY II,1.1314727438593737e-05
28,HARDWARE,1.9531596508668973e-06
28,HOME AND KITCHEN I,3.5016231318236055e-05
28,HOME AND KITCHEN II,1.701959289475003e-05
28,HOME APPLIANCES,8.11255153030552e-07
28,HOME CARE,0.000264985179147178
28,LADIESWEAR,0.0
28,LAWN AND GARDEN,2.877115003112945e-06
28,LINGERIE,1.1621160211667276e-05
28,"LIQUOR,WINE,BEER",0.00018331292816693687
28,MAGAZINES,1.0301357052259362e-06
28,MEATS,0.0003066833445566414
28,PERSONAL CARE,0.00046725502594744533
28,PET SUPPLIES,4.015293874528943e-06
28,PLAYERS AND ELECTRONICS,4.960671578691986e-06
28,POULTRY,0.0003588577221533087
28,PREPARED FOODS,0.0001011486728160553
28,PRODUCE,0.0014859714010448859
28,SCHOOL AND OFFICE SUPPLIES,5.72256218165294e-06
28,SEAFOOD,1.0065045597919281e-05
29,AUTOMOTIVE,5.1795521308873705e-06
29,BABY CARE,3.5020888351261485e-07
29,BEAUTY,2.4542564044035644e-06
29,BEVERAGES,0.0020462807518368646
29,BOOKS,0.0
29,BREAD/BAKERY,0.0004808870930194949
29,CELEBRATION,7.75209717413695e-06
29,CLEANING,0.000777485143749922
29,DAIRY,0.0005586418478187411
29,DELI,0.00022941133147842354
29,EGGS,0.00015709848926677054
29,FROZEN FOODS,8.105679695920363e-05
29,GROCERY I,0.0028845039867650556
29,GROCERY II,8.600608591370972e-06
29,HARDWARE,9.034644069341393e-07
29,HOME AND KITCHEN I,1.9929307129041012e-05
29,HOME AND KITCHEN II,1.4645437458383926e-05
29,HOME APPLIANCES,2.2633180503607823e-07
29,HOME CARE,0.00018306983104300923
29,LADIESWEAR,0.0
29,LAWN AND GARDEN,1.6821203287866554e-06
29,LINGERIE,3.937987126306744e-06
29,"LIQUOR,WINE,BEER",9.789828544745725e-05
29,MAGAZINES,1.0795002552955336e-06
29,MEATS,0.00010423666570439037
29,PERSONAL CARE,0.00022205292309230974
29,PET SUPPLIES,3.381005976464872e-06
29,PLAYERS AND ELECTRONICS,4.140102359610567e-06
29,POULTRY,0.00016409904378954563
29,PREPARED FOODS,5.6223766384905746e-05
29,PRODUCE,0.0009320626592120413
29,SCHOOL AND OFFICE SUPPLIES,3.2068329413136515e-06
29,SEAFOOD,5.598685103176404e-06
30,AUTOMOTIVE,4.834931687005276e-06
30,BABY CARE,1.0431753976971507e-07
30,BEAUTY,9.369950447172621e-07
30,BEVERAGES,0.001460801354099154
30,BOOKS,0.0
30,BREAD/BAKERY,0.0002385220546834535
30,CELEBRATION,3.8094530148047733e-06
30,CLEANING,0.0007533654383045957
30,DAIRY,0.00034916757092812785
30,DELI,0.00016423958370797057
30,EGGS,0.0001866613349122237
30,FROZEN FOODS,9.105178563956774e-05
30,GROCERY I,0.002437148000026206
30,GROCERY II,5.49995600303721e-06
30,HARDWARE,1.4855935351133529e-06
30,HOME AND KITCHEN I,1.4474990049653052e-05
30,HOME AND KITCHEN II,7.28918809140884e-06
30,HOME APPLIANCES,4.629090827281106e-07
30,HOME CARE,0.00011876365621461043
30,LADIESWEAR,6.193853923826831e-07
30,LAWN AND GARDEN,0.0
30,LINGERIE,6.381998058054354e-06
30,"LIQUOR,WINE,BEER",8.540812287324403e-05
30,MAGAZINES,5.513927102113511e-07
30,MEATS,9.05299508897742e-05
30,PERSONAL CARE,0.00016144908951913072
30,PET SUPPLIES,1.3160775329875659e-06
30,PLAYERS AND ELECTRONICS,3.7759223770216505e-06
30,POULTRY,0.00015507624974005847
30,PREPARED FOODS,3.5653313436115386e-05
30,PRODUCE,0.0004895015501237932
30,SCHOOL AND OFFICE SUPPLIES,1.2611245432874481e-06
30,SEAFOOD,5.5688800918136286e-06
31,AUTOMOTIVE,1.1847492016703354e-05
31,BABY CARE,8.419915709984144e-07
31,BEAUTY,4.045098885891719e-06
31,BEVERAGES,0.002835903055057672
31,BOOKS,0.0
31,BREAD/BAKERY,0.0007312836505111993
31,CELEBRATION,8.24667408143801e-06
31,CLEANING,0.0019573109301057687
31,DAIRY,0.0009223114195880696
31,DELI,0.000386243517218676
31,EGGS,0.00037073429086891137
31,FROZEN FOODS,0.00016809932125015962
31,GROCERY I,0.006154570390743149
31,GROCERY II,1.4634260579122884e-05
31,HARDWARE,1.1214135525244369e-06
31,HOME AND KITCHEN I,2.2103210145313465e-05
31,HOME AND KITCHEN II,1.9671307499431983e-05
31,HOME APPLIANCES,6.221796121979434e-07
31,HOME CARE,0.00029207514025612587
31,LADIESWEAR,2.2502783578895676e-06
31,LAWN AND GARDEN,1.8842355620904783e-06
31,LINGERIE,1.8916868149311723e-05
31,"LIQUOR,WINE,BEER",4.747193184806105e-05
31,MAGAZINES,1.005919133493681e-06
31,MEATS,0.0004783017091546482
31,PERSONAL CARE,0.00046230925687443475
31,PET SUPPLIES,2.328516512716854e-06
31,PLAYERS AND ELECTRONICS,7.324581542402136e-06
31,POULTRY,0.0002160793326014872
31,PREPARED FOODS,0.00011340403524289882
31,PRODUCE,0.001264298318568567
31,SCHOOL AND OFFICE SUPPLIES,4.05906998496802e-06
31,SEAFOOD,8.255056740883791e-06
32,AUTOMOTIVE,2.8864290691638123e-06
32,BABY CARE,6.799268217133214e-08
32,BEAUTY,4.0609327981781935e-07
32,BEVERAGES,0.0009419305683176167
32,BOOKS,0.0
32,BREAD/BAKERY,0.0001558438845697187
32,CELEBRATION,3.5197855606227965e-06
32,CLEANING,0.0007075784210051366
32,DAIRY,0.00022541064390364744
32,DELI,0.00015189751478396617
32,EGGS,0.00020975742449855965
32,FROZEN FOODS,4.459462119134812e-05
32,GROCERY I,0.0023068031679540782
32,GROCERY II,2.743923858585541e-06
32,HARDWARE,7.665476359863884e-07
32,HOME AND KITCHEN I,1.1167565194990033e-05
32,HOME AND KITCHEN II,3.7069982882452317e-06
32,HOME APPLIANCES,2.7197072868532855e-07
32,HOME CARE,9.514132189640049e-05
32,LADIESWEAR,0.0
32,LAWN AND GARDEN,8.382659445780675e-09
32,LINGERIE,3.6073377815009504e-06
32,"LIQUOR,WINE,BEER",0.00011837619106689434
32,MAGAZINES,1.5554490304948586e-07
32,MEATS,9.366854223422693e-05
32,PERSONAL CARE,0.00015624997784953652
32,PET SUPPLIES,2.0025242009364945e-07
32,PLAYERS AND ELECTRONICS,1.2573989168671012e-06
32,POULTRY,9.935633361951616e-05
32,PREPARED FOODS,1.8013403742377582e-05
32,PRODUCE,0.00018469927753778404
32,SCHOOL AND OFFICE SUPPLIES,1.3002436207010914e-06
32,SEAFOOD,2.1543434775656333e-06
33,AUTOMOTIVE,1.2072892415134345e-05
33,BABY CARE,2.3192024466659866e-07
33,BEAUTY,1.726827845830819e-06
33,BEVERAGES,0.0021282398760514723
33,BOOKS,0.0
33,BREAD/BAKERY,0.00043049147583806656
33,CELEBRATION,7.895533791320308e-06
33,CLEANING,0.0016713253262337
33,DAIRY,0.0006037219275049395
33,DELI,0.00031098735137241216
33,EGGS,0.00026703427367836884
33,FROZEN FOODS,0.00011818985849709137
33,GROCERY I,0.004808698562225798
33,GROCERY II,4.859148258737531e-06
33,HARDWARE,1.1586698167279067e-06
33,HOME AND KITCHEN I,4.631139921812297e-05
33,HOME AND KITCHEN II,1.8155908952955856e-05
33,HOME APPLIANCES,2.747649485005888e-07
33,HOME CARE,0.0002278015646589051
33,LADIESWEAR,0.0
33,LAWN AND GARDEN,4.843314346451056e-08
33,LINGERIE,1.9767242379755917e-05
33,"LIQUOR,WINE,BEER",0.00010095236770553666
33,MAGAZINES,1.420395072757281e-06
33,MEATS,0.00039470024826311395
33,PERSONAL CARE,0.0003737725392147043
33,PET SUPPLIES,1.056215090168365e-06
33,PLAYERS AND ELECTRONICS,4.789292763356026e-06
33,POULTRY,0.0003315601603309754
33,PREPARED FOODS,5.8295808005774075e-05
33,PRODUCE,0.001256193293725723
33,SCHOOL AND OFFICE SUPPLIES,1.676531889156135e-06
33,SEAFOOD,2.5399458120715444e-06
34,AUTOMOTIVE,5.227985274351881e-06
34,BABY CARE,2.9153026739215014e-07
34,BEAUTY,4.294715856054965e-06
34,BEVERAGES,0.003519673791830186
34,BOOKS,0.0
34,BREAD/BAKERY,0.0010728984452786788
34,CELEBRATION,1.089373165309453e-05
34,CLEANING,0.001434246951788131
34,DAIRY,0.0008939780306613309
34,DELI,0.00039390791013564045
34,EGGS,0.00017998501236696197
34,FROZEN FOODS,0.00019984709047596994
34,GROCERY I,0.005955131317741764
34,GROCERY II,9.165040994053537e-06
34,HARDWARE,2.8547612445908633e-06
34,HOME AND KITCHEN I,3.851086890052151e-05
34,HOME AND KITCHEN II,3.52025126392534e-05
34,HOME APPLIANCES,1.0282728920157627e-06
34,HOME CARE,0.00023694890892746198
34,LADIESWEAR,5.405883935923448e-06
34,LAWN AND GARDEN,3.2021759082882177e-06
34,LINGERIE,1.6101225982134502e-05
34,"LIQUOR,WINE,BEER",8.307215510768648e-05
34,MAGAZINES,1.6839831419968289e-06
34,MEATS,0.0002890170184568638
34,PERSONAL CARE,0.0004982820427760949
34,PET SUPPLIES,2.4738159431103856e-06
34,PLAYERS AND ELECTRONICS,5.8883525573583805e-06
34,POULTRY,0.00022011368297319243
34,PREPARED FOODS,5.483485660244916e-05
34,PRODUCE,0.0007319744247736574
34,SCHOOL AND OFFICE SUPPLIES,7.36649483963104e-06
34,SEAFOOD,4.91968968806817e-06
35,AUTOMOTIVE,6.91196841634871e-06
35,BABY CARE,8.382659445780675e-08
35,BEAUTY,4.18201565683947e-07
35,BEVERAGES,0.0017520000407398933
35,BOOKS,0.0
35,BREAD/BAKERY,0.0001458759710820804
35,CELEBRATION,2.452393591193391e-06
35,CLEANING,0.0007440737260122504
35,DAIRY,0.0002480671095723824
35,DELI,0.00012871014735033173
35,EGGS,0.0002622170387168602
35,FROZEN FOODS,8.357310566019118e-05
35,GROCERY I,0.002723521278612477
35,GROCERY II,4.700809135872785e-06
35,HARDWARE,1.0096447599140278e-06
35,HOME AND KITCHEN I,1.1202958645983329e-05
35,HOME AND KITCHEN II,9.124059103429722e-06
35,HOME APPLIANCES,3.129526193091452e-07
35,HOME CARE,0.00010191171650877601
35,LADIESWEAR,0.0
35,LAWN AND GARDEN,8.196378124763326e-08
35,LINGERIE,2.3704298099457574e-06
35,"LIQUOR,WINE,BEER",7.03910541794305e-05
35,MAGAZINES,4.3776110439076854e-07
35,MEATS,0.0002528601903058599
35,PERSONAL CARE,0.00013697172393745114
35,PET SUPPLIES,4.247214119195542e-07
35,PLAYERS AND ELECTRONICS,1.1046482336328756e-06
35,POULTRY,8.832025573074437e-05
35,PREPARED FOODS,2.72501630450228e-05
35,PRODUCE,0.00034169307200412793
35,SCHOOL AND OFFICE SUPPLIES,1.1763665422245546e-06
35,SEAFOOD,8.606197031001492e-07
36,AUTOMOTIVE,5.753298599620803e-06
36,BABY CARE,6.05414293306382e-08
36,BEAUTY,2.11243018033673e-06
36,BEVERAGES,0.00307753507639551
36,BOOKS,0.0
36,BREAD/BAKERY,0.0007147157898199163
36,CELEBRATION,7.53228521533648e-06
36,CLEANING,0.0012771819931591435
36,DAIRY,0.0007744105705465306
36,DELI,0.0003081082767326468
36,EGGS,0.00017205967356427886
36,FROZEN FOODS,0.00015362354804682217
36,GROCERY I,0.0050082001987402525
36,GROCERY II,9.162246774238278e-06
36,HARDWARE,7.572335699355209e-07
36,HOME AND KITCHEN I,3.178890743161049e-05
36,HOME AND KITCHEN II,1.681654625484112e-05
36,HOME APPLIANCES,2.9153026739215014e-07
36,HOME CARE,0.00022155275774537816
36,LADIESWEAR,8.662081427306698e-08
36,LAWN AND GARDEN,1.2619628092320262e-05
36,LINGERIE,4.6458561461726675e-06
36,"LIQUOR,WINE,BEER",0.00018728444593102674
36,MAGAZINES,9.183669126155272e-07
36,MEATS,0.00029733967683164995
36,PERSONAL CARE,0.00034677106173323967
36,PET SUPPLIES,1.7566328571935948e-06
36,PLAYERS AND ELECTRONICS,4.783704323725505e-06
36,POULTRY,0.00017792725677423404
36,PREPARED FOODS,7.714007489818047e-05
36,PRODUCE,0.0013694750131995862
36,SCHOOL AND OFFICE SUPPLIES,7.53507943515174e-06
36,SEAFOOD,1.467206916744317e-06
37,AUTOMOTIVE,6.351261640086491e-06
37,BABY CARE,3.35306377831227e-08
37,BEAUTY,6.783434304846739e-06
37,BEVERAGES,0.003278555906938356
37,BOOKS,2.347144644818589e-07
37,BREAD/BAKERY,0.0008587567780373566
37,CELEBRATION,1.1898719379983124e-05
37,CLEANING,0.0016531051502249932
37,DAIRY,0.0013875937263459412
37,DELI,0.0002288568748689285
37,EGGS,0.0002433132102600197
37,FROZEN FOODS,0.000303420236501403
37,GROCERY I,0.005711621879669592
37,GROCERY II,7.304835722374297e-05
37,HARDWARE,3.0186888070861294e-06
37,HOME AND KITCHEN I,3.309008245891667e-05
37,HOME AND KITCHEN II,2.3863568628927407e-05
37,HOME APPLIANCES,5.234505120587488e-07
37,HOME CARE,0.00024563334411329074
37,LADIESWEAR,2.5342642317805154e-05
37,LAWN AND GARDEN,1.9953523700773265e-05
37,LINGERIE,1.0163508874706525e-05
37,"LIQUOR,WINE,BEER",0.00016870474697275642
37,MAGAZINES,7.41492798309555e-06
37,MEATS,0.0003912223050442335
37,PERSONAL CARE,0.00040046478970328015
37,PET SUPPLIES,9.998649905606172e-06
37,PLAYERS AND ELECTRONICS,9.913891904543278e-06
37,POULTRY,0.0003832146215476005
37,PREPARED FOODS,0.00020733794685870332
37,PRODUCE,0.0028656366294897914
37,SCHOOL AND OFFICE SUPPLIES,4.601148629128504e-07
37,SEAFOOD,3.1250704922099046e-05
38,AUTOMOTIVE,1.0188656853043867e-05
38,BABY CARE,2.0490945311908316e-08
38,BEAUTY,7.94396693478482e-06
38,BEVERAGES,0.0028601373235154237
38,BOOKS,1.518192766291389e-07
38,BREAD/BAKERY,0.0008370371519615765
38,CELEBRATION,1.4551365391270165e-05
38,CLEANING,0.0016783388179700033
38,DAIRY,0.001278046338488664
38,DELI,0.0002651209281223871
38,EGGS,0.0001888752884125149
38,FROZEN FOODS,0.00032682319309654284
38,GROCERY I,0.005899583472173615
38,GROCERY II,4.144759392636e-05
38,HARDWARE,2.69549071512103e-06
38,HOME AND KITCHEN I,3.567473578803238e-05
38,HOME AND KITCHEN II,2.74047765414672e-05
38,HOME APPLIANCES,2.1422351916995057e-07
38,HOME CARE,0.0003201039592230012
38,LADIESWEAR,2.7318155727194132e-05
38,LAWN AND GARDEN,1.3404803860408386e-05
38,LINGERIE,2.1908546164850336e-05
38,"LIQUOR,WINE,BEER",0.0001234933389552409
38,MAGAZINES,7.876905659218575e-06
38,MEATS,0.0002905966608996656
38,PERSONAL CARE,0.0005622976187437066
38,PET SUPPLIES,6.0578685594841675e-06
38,PLAYERS AND ELECTRONICS,9.272152753638513e-06
38,POULTRY,0.000246688305631692
38,PREPARED FOODS,0.0001910572071075109
38,PRODUCE,0.0022404481256714185
38,SCHOOL AND OFFICE SUPPLIES,5.495298970011776e-07
38,SEAFOOD,3.099907070238272e-05
39,AUTOMOTIVE,1.3895655141289099e-05
39,BABY CARE,4.0888749963307956e-07
39,BEAUTY,5.948893986689019e-06
39,BEVERAGES,0.003562372264827178
39,BOOKS,0.0
39,BREAD/BAKERY,0.0011323594429474163
39,CELEBRATION,1.0461558988334282e-05
39,CLEANING,0.0020313074592534903
39,DAIRY,0.0008065366471691826
39,DELI,0.00028962841750796814
39,EGGS,0.0006047893194743688
39,FROZEN FOODS,0.00014192566333900657
39,GROCERY I,0.006706105910735037
39,GROCERY II,4.487796445289447e-05
39,HARDWARE,2.8966745418197666e-06
39,HOME AND KITCHEN I,3.5215552331724615e-05
39,HOME AND KITCHEN II,2.1177391979857244e-05
39,HOME APPLIANCES,6.566416565861528e-07
39,HOME CARE,0.0003178387783594302
39,LADIESWEAR,7.193253211084906e-06
39,LAWN AND GARDEN,1.2127845404834463e-05
39,LINGERIE,1.0833190223763891e-05
39,"LIQUOR,WINE,BEER",0.00010071485902123954
39,MAGAZINES,2.996335048564048e-06
39,MEATS,0.00037639621767397507
39,PERSONAL CARE,0.0004824676900283271
39,PET SUPPLIES,4.236037239934501e-06
39,PLAYERS AND ELECTRONICS,8.471143073263915e-06
39,POULTRY,0.00032225058765288463
39,PREPARED FOODS,0.00011934580495448712
39,PRODUCE,0.00166692505990701
39,SCHOOL AND OFFICE SUPPLIES,2.9143712673164147e-06
39,SEAFOOD,1.7750374328956952e-05
40,AUTOMOTIVE,6.016886668860351e-06
40,BABY CARE,4.610462695179371e-07
40,BEAUTY,1.8842355620904783e-06
40,BEVERAGES,0.003617707131235381
40,BOOKS,0.0
40,BREAD/BAKERY,0.0005703524230644967
40,CELEBRATION,8.752427868000111e-06
40,CLEANING,0.002164356098570316
40,DAIRY,0.0007314587549529556
40,DELI,0.00039078113778588794
40,EGGS,0.0002222028795557287
40,FROZEN FOODS,0.000110562066891314
40,GROCERY I,0.0067740279717947586
40,GROCERY II,1.3870507162951756e-05
40,HARDWARE,1.6709434495256146e-06
40,HOME AND KITCHEN I,3.334901349513078e-05
40,HOME AND KITCHEN II,2.4762376002836113e-05
40,HOME APPLIANCES,3.4368903727700765e-07
40,HOME CARE,0.00033145873714561367
40,LADIESWEAR,0.0
40,LAWN AND GARDEN,2.1608633238012407e-07
40,LINGERIE,1.2598205740403267e-05
40,"LIQUOR,WINE,BEER",0.0001088674610355638
40,MAGAZINES,1.4576513369607506e-06
40,MEATS,0.00017578656272050256
40,PERSONAL CARE,0.0004459816990872642
40,PET SUPPLIES,1.784575055346197e-06
40,PLAYERS AND ELECTRONICS,6.521709048817365e-06
40,POULTRY,0.00023632255648793336
40,PREPARED FOODS,7.739057481665736e-05
40,PRODUCE,0.0010549679286674868
40,SCHOOL AND OFFICE SUPPLIES,3.146291511983013e-06
40,SEAFOOD,4.870325137998572e-06
41,AUTOMOTIVE,7.571404292750123e-06
41,BABY CARE,4.47075170441636e-08
41,BEAUTY,6.792748370897607e-06
41,BEVERAGES,0.0023819075335402414
41,BOOKS,4.750173685942382e-08
41,BREAD/BAKERY,0.0006539073875487246
41,CELEBRATION,1.141159372552276e-05
41,CLEANING,0.0013580737254043221
41,DAIRY,0.0008703221657053379
41,DELI,0.0003056320266533775
41,EGGS,0.0001840356996924842
41,FROZEN FOODS,0.0002813267599975308
41,GROCERY I,0.004557335262425223
41,GROCERY II,3.560581169925596e-05
41,HARDWARE,1.207102960192417e-06
41,HOME AND KITCHEN I,2.64072400674193e-05
41,HOME AND KITCHEN II,3.0421602535343155e-05
41,HOME APPLIANCES,4.9737112711632e-07
41,HOME CARE,0.00022434604615403328
41,LADIESWEAR,1.2599137147008354e-05
41,LAWN AND GARDEN,1.5137220145869725e-05
41,LINGERIE,1.3770846656207476e-05
41,"LIQUOR,WINE,BEER",0.00011079826692790861
41,MAGAZINES,8.74125098873907e-06
41,MEATS,0.000269565687948443
41,PERSONAL CARE,0.00040849537745233803
41,PET SUPPLIES,7.165311012932303e-06
41,PLAYERS AND ELECTRONICS,7.24913760739011e-06
41,POULTRY,0.00024799897777718336
41,PREPARED FOODS,9.335225280604756e-05
41,PRODUCE,0.001817833997910708
41,SCHOOL AND OFFICE SUPPLIES,8.857676814374913e-07
41,SEAFOOD,1.2265947575478258e-05
42,AUTOMOTIVE,2.6321550659751318e-06
42,BABY CARE,2.23537585220818e-08
42,BEAUTY,3.7107239146655786e-06
42,BEVERAGES,0.00174101316842629
42,BOOKS,2.8221620134128274e-07
42,BREAD/BAKERY,0.00035508326399497195
42,CELEBRATION,8.130248255802168e-06
42,CLEANING,0.0005666966521395313
42,DAIRY,0.0005802420983973078
42,DELI,0.00010690043182198024
42,EGGS,8.870995928827653e-05
42,FROZEN FOODS,0.00011090400210951316
42,GROCERY I,0.002176981846935438
42,GROCERY II,1.9257762966773472e-05
42,HARDWARE,7.544393501202607e-07
42,HOME AND KITCHEN I,1.4373466729698597e-05
42,HOME AND KITCHEN II,1.846047891281922e-05
42,HOME APPLIANCES,1.741730351512207e-07
42,HOME CARE,0.00014673379656536528
42,LADIESWEAR,1.2733259698140845e-05
42,LAWN AND GARDEN,1.7650155166393754e-05
42,LINGERIE,3.0876128958625486e-06
42,"LIQUOR,WINE,BEER",5.3979669797802114e-05
42,MAGAZINES,5.908843502670289e-06
42,MEATS,0.00014467718650310114
42,PERSONAL CARE,0.0001590963564346816
42,PET SUPPLIES,4.843314346451057e-06
42,PLAYERS AND ELECTRONICS,5.75702422604115e-06
42,POULTRY,0.00016033159337896065
42,PREPARED FOODS,5.413360523675785e-05
42,PRODUCE,0.0017556152723786536
42,SCHOOL AND OFFICE SUPPLIES,3.828081146906508e-07
42,SEAFOOD,1.2887356263639999e-05
43,AUTOMOTIVE,9.352253721675972e-06
43,BABY CARE,7.078690198659237e-08
43,BEAUTY,1.8758529026446977e-06
43,BEVERAGES,0.004662184635366443
43,BOOKS,0.0
43,BREAD/BAKERY,0.0004765700234049178
43,CELEBRATION,8.443200875111313e-06
43,CLEANING,0.0015864909498291896
43,DAIRY,0.0005549022502993179
43,DELI,0.0003661588490807114
43,EGGS,0.00022011187172730896
43,FROZEN FOODS,7.989328031914802e-05
43,GROCERY I,0.00517142138805466
43,GROCERY II,6.729412721751708e-06
43,HARDWARE,1.8684016498040038e-06
43,HOME AND KITCHEN I,2.2981526573910265e-05
43,HOME AND KITCHEN II,1.5417573534000835e-05
43,HOME APPLIANCES,2.151549257750373e-07
43,HOME CARE,0.00021564391424270786
43,LADIESWEAR,0.0
43,LAWN AND GARDEN,1.5824598220423741e-06
43,LINGERIE,5.471082398279521e-06
43,"LIQUOR,WINE,BEER",0.00014201342789078568
43,MAGAZINES,1.8246255393649269e-06
43,MEATS,0.0002321171784029946
43,PERSONAL CARE,0.00034630442702409124
43,PET SUPPLIES,1.052489463748018e-06
43,PLAYERS AND ELECTRONICS,4.214614888017506e-06
43,POULTRY,0.0002657054223694958
43,PREPARED FOODS,9.393505441538408e-05
43,PRODUCE,0.0007688971150528375
43,SCHOOL AND OFFICE SUPPLIES,2.7159816604329387e-06
43,SEAFOOD,1.1651896629635138e-06
44,AUTOMOTIVE,2.960010190965665e-05
44,BABY CARE,0.0
44,BEAUTY,1.8276060405012043e-05
44,BEVERAGES,0.012497482498722581
44,BOOKS,4.917826874857996e-07
44,BREAD/BAKERY,0.0021730258906192605
44,CELEBRATION,3.5182021693941493e-05
44,CLEANING,0.0040127418204310055
44,DAIRY,0.003984514611857247
44,DELI,0.0009357786630565275
44,EGGS,0.0010169693414564301
44,FROZEN FOODS,0.0009510541530836046
44,GROCERY I,0.01526207989370808
44,GROCERY II,0.0001278634987463079
44,HARDWARE,6.551514060180141e-06
44,HOME AND KITCHEN I,0.00012557410131100468
44,HOME AND KITCHEN II,9.470356079200972e-05
44,HOME APPLIANCES,2.9954036419589613e-06
44,HOME CARE,0.0006260607835213398
44,LADIESWEAR,3.115182531373116e-05
44,LAWN AND GARDEN,2.0325154936202874e-05
44,LINGERIE,3.0241841060561414e-05
44,"LIQUOR,WINE,BEER",0.0005159079813707564
44,MAGAZINES,1.7929577147919775e-05
44,MEATS,0.001524350307857094
44,PERSONAL CARE,0.0008770506470204845
44,PET SUPPLIES,3.1804741343896965e-05
44,PLAYERS AND ELECTRONICS,4.127714651762913e-05
44,POULTRY,0.0019437930774020245
44,PREPARED FOODS,0.0007386162968891713
44,PRODUCE,0.0099344373170232
44,SCHOOL AND OFFICE SUPPLIES,2.7516545334077607e-05
44,SEAFOOD,0.00019340902988730294
45,AUTOMOTIVE,2.459192859410524e-05
45,BABY CARE,0.0
45,BEAUTY,1.5629934239960613e-05
45,BEVERAGES,0.010590420954961243
45,BOOKS,5.392844243452234e-07
45,BREAD/BAKERY,0.0017832250904001262
45,CELEBRATION,3.6199117706696214e-05
45,CLEANING,0.003928603204760494
45,DAIRY,0.003306560509333499
45,DELI,0.0010088407837967569
45,EGGS,0.0006485523902209745
45,FROZEN FOODS,0.0008174809355811838
45,GROCERY I,0.01522826634396288
45,GROCERY II,0.0001299647520473836
45,HARDWARE,1.7063369005189107e-06
45,HOME AND KITCHEN I,7.386985784942948e-05
45,HOME AND KITCHEN II,8.041019503034859e-05
45,HOME APPLIANCES,2.1515492577503733e-06
45,HOME CARE,0.0006405786182748269
45,LADIESWEAR,2.51777833487048e-05
45,LAWN AND GARDEN,2.8092154616021214e-05
45,LINGERIE,8.07250104628679e-06
45,"LIQUOR,WINE,BEER",0.0003264878200942657
45,MAGAZINES,1.3687020061749668e-05
45,MEATS,0.0018708339783448694
45,PERSONAL CARE,0.0009941601251044609
45,PET SUPPLIES,2.1200677144984413e-05
45,PLAYERS AND ELECTRONICS,2.9483676084020808e-05
45,POULTRY,0.0019970122549548583
45,PREPARED FOODS,0.0005105878652855652
45,PRODUCE,0.006439356923826164
45,SCHOOL AND OFFICE SUPPLIES,2.5516815352956373e-05
45,SEAFOOD,0.0001525454835687795
46,AUTOMOTIVE,2.382538095811885e-05
46,BABY CARE,0.0
46,BEAUTY,1.8535922847831245e-05
46,BEVERAGES,0.007322346166549928
46,BOOKS,1.8534991441226158e-07
46,BREAD/BAKERY,0.0012202415076526876
46,CELEBRATION,2.2269000521018907e-05
46,CLEANING,0.0036051210337808438
46,DAIRY,0.00224106674656526
46,DELI,0.0012694752401743498
46,EGGS,0.00028161823830081704
46,FROZEN FOODS,0.0006192592766125469
46,GROCERY I,0.013358477558684582
46,GROCERY II,6.589981152970223e-05
46,HARDWARE,2.4104802939644872e-06
46,HOME AND KITCHEN I,4.2659353919577855e-05
46,HOME AND KITCHEN II,5.3635980760525104e-05
46,HOME APPLIANCES,2.19532536818945e-06
46,HOME CARE,0.0006659883218681983
46,LADIESWEAR,3.209534020468403e-05
46,LAWN AND GARDEN,1.6707571682045972e-05
46,LINGERIE,1.2568400729040492e-05
46,"LIQUOR,WINE,BEER",0.00018886318012664878
46,MAGAZINES,7.119672089283053e-06
46,MEATS,0.0018334461115667217
46,PERSONAL CARE,0.0011666361374212135
46,PET SUPPLIES,2.0600851291308553e-05
46,PLAYERS AND ELECTRONICS,2.4957039983299242e-05
46,POULTRY,0.0015804728019333312
46,PREPARED FOODS,0.0002721425788734391
46,PRODUCE,0.0029520153744461196
46,SCHOOL AND OFFICE SUPPLIES,2.0291624298419753e-05
46,SEAFOOD,7.914160626643256e-05
47,AUTOMOTIVE,2.5082779874985952e-05
47,BABY CARE,0.0
47,BEAUTY,1.9236340614856477e-05
47,BEVERAGES,0.010048808945509908
47,BOOKS,5.411472375553969e-07
47,BREAD/BAKERY,0.0017369765741116546
47,CELEBRATION,2.672205549993862e-05
47,CLEANING,0.0036469104539312708
47,DAIRY,0.0031101436216395967
47,DELI,0.001005880710530936
47,EGGS,0.0005596226189738975
47,FROZEN FOODS,0.0006671553426020349
47,GROCERY I,0.014450334310392433
47,GROCERY II,0.00010059470756918336
47,HARDWARE,2.8342702992789547e-06
47,HOME AND KITCHEN I,6.296122369065356e-05
47,HOME AND KITCHEN II,6.991417399762609e-05
47,HOME APPLIANCES,2.8584868710112102e-06
47,HOME CARE,0.0006543969666678939
47,LADIESWEAR,2.956005142563792e-05
47,LAWN AND GARDEN,2.549818722085464e-05
47,LINGERIE,8.008233990535805e-06
47,"LIQUOR,WINE,BEER",0.00026113660705495955
47,MAGAZINES,1.154292205683999e-05
47,MEATS,0.0014063633375648538
47,PERSONAL CARE,0.001101742245025005
47,PET SUPPLIES,2.1205334178009847e-05
47,PLAYERS AND ELECTRONICS,2.844515771934909e-05
47,POULTRY,0.0018060365273185827
47,PREPARED FOODS,0.0004526732530048399
47,PRODUCE,0.005956337009434669
47,SCHOOL AND OFFICE SUPPLIES,1.945522116705186e-05
47,SEAFOOD,0.00013461369165237866
48,AUTOMOTIVE,2.1229550749742103e-05
48,BABY CARE,0.0
48,BEAUTY,1.655388959220666e-05
48,BEVERAGES,0.00588077370181279
48,BOOKS,5.3090176489944276e-08
48,BREAD/BAKERY,0.001109365504393202
48,CELEBRATION,2.244783058919556e-05
48,CLEANING,0.0033556251464762583
48,DAIRY,0.0018801895317979815
48,DELI,0.0010215850965436504
48,EGGS,0.0002232348780741648
48,FROZEN FOODS,0.000484343415541559
48,GROCERY I,0.011950872664814484
48,GROCERY II,6.701470523599106e-05
48,HARDWARE,1.4036297538657196e-06
48,HOME AND KITCHEN I,5.073092355925956e-05
48,HOME AND KITCHEN II,3.830409663419225e-05
48,HOME APPLIANCES,1.3319114452740406e-06
48,HOME CARE,0.0006104476146002708
48,LADIESWEAR,2.5978793029079397e-05
48,LAWN AND GARDEN,9.81609421100917e-06
48,LINGERIE,8.558695294142069e-06
48,"LIQUOR,WINE,BEER",0.0001627763439313793
48,MAGAZINES,4.754830718967816e-06
48,MEATS,0.0015415842562140735
48,PERSONAL CARE,0.001107746092001394
48,PET SUPPLIES,1.5085061375984868e-05
48,PLAYERS AND ELECTRONICS,2.1363673300874593e-05
48,POULTRY,0.0013977372005528036
48,PREPARED FOODS,0.0002062920749345669
48,PRODUCE,0.002158748444394095
48,SCHOOL AND OFFICE SUPPLIES,2.540411515374088e-05
48,SEAFOOD,4.700202168412394e-05
49,AUTOMOTIVE,1.6286575896546766e-05
49,BABY CARE,0.0
49,BEAUTY,1.233461767116372e-05
49,BEVERAGES,0.0085887666877939
49,BOOKS,4.228585987093807e-07
49,BREAD/BAKERY,0.0016119408802125357
49,CELEBRATION,3.253868974870532e-05
49,CLEANING,0.0026382846528432077
49,DAIRY,0.0029665142032889854
49,DELI,0.0005758243224274519
49,EGGS,0.0006744762302603538
49,FROZEN FOODS,0.0006695402796044823
49,GROCERY I,0.01032741780906969
49,GROCERY II,0.00010067294572401065
49,HARDWARE,2.6619600773379077e-06
49,HOME AND KITCHEN I,6.22347265386859e-05
49,HOME AND KITCHEN II,4.062236767425315e-05
49,HOME APPLIANCES,1.568488722966073e-06
49,HOME CARE,0.00044958344842913457
49,LADIESWEAR,1.6777427177427477e-05
49,LAWN AND GARDEN,2.6299196901229235e-05
49,LINGERIE,1.4304542640922179e-05
49,"LIQUOR,WINE,BEER",0.0003409683985835493
49,MAGAZINES,1.3239013484702946e-05
49,MEATS,0.0011414558503677276
49,PERSONAL CARE,0.000616806327493198
49,PET SUPPLIES,1.6216720401165258e-05
49,PLAYERS AND ELECTRONICS,3.1819643849578356e-05
49,POULTRY,0.0013698463725108573
49,PREPARED FOODS,0.0004660212680302848
49,PRODUCE,0.007467987652572973
49,SCHOOL AND OFFICE SUPPLIES,1.3991590021613033e-05
49,SEAFOOD,0.0001343382578831487
50,AUTOMOTIVE,1.823507851438823e-05
50,BABY CARE,0.0
50,BEAUTY,1.2070098195319085e-05
50,BEVERAGES,0.005052353656457094
50,BOOKS,2.710393220802418e-07
50,BREAD/BAKERY,0.0009064902107469678
50,CELEBRATION,3.46967588526913e-05
50,CLEANING,0.0025151089235403014
50,DAIRY,0.001575392308722976
50,DELI,0.0007202608196622154
50,EGGS,0.0001800166801915349
50,FROZEN FOODS,0.00041452157074624193
50,GROCERY I,0.009427493953406434
50,GROCERY II,7.289746935371893e-05
50,HARDWARE,2.3667041835254105e-06
50,HOME AND KITCHEN I,7.670971658833896e-05
50,HOME AND KITCHEN II,7.03556607284372e-05
50,HOME APPLIANCES,1.017096012754722e-06
50,HOME CARE,0.00042241338635214923
50,LADIESWEAR,2.0628793489461155e-05
50,LAWN AND GARDEN,8.07529526610205e-06
50,LINGERIE,9.694079945742808e-06
50,"LIQUOR,WINE,BEER",0.0001776145825570162
50,MAGAZINES,7.318993102771616e-06
50,MEATS,0.0009659578695842651
50,PERSONAL CARE,0.000768455156713606
50,PET SUPPLIES,8.827871803012136e-06
50,PLAYERS AND ELECTRONICS,2.2237332696445955e-05
50,POULTRY,0.0006869248476851129
50,PREPARED FOODS,0.000192810078019015
50,PRODUCE,0.00226160343688803
50,SCHOOL AND OFFICE SUPPLIES,1.7647360946578492e-05
50,SEAFOOD,3.714583525351119e-05
51,AUTOMOTIVE,1.096824418150147e-05
51,BABY CARE,0.0
51,BEAUTY,7.549981940833128e-06
51,BEVERAGES,0.006401330333549534
51,BOOKS,2.412343107174661e-07
51,BREAD/BAKERY,0.001339576618507625
51,CELEBRATION,1.5055256364622093e-05
51,CLEANING,0.0022785987071238353
51,DAIRY,0.002291670998826228
51,DELI,0.00040610210536110584
51,EGGS,0.0005260109488161323
51,FROZEN FOODS,0.0005135361797479064
51,GROCERY I,0.00766892908414894
51,GROCERY II,4.987496088918484e-05
51,HARDWARE,2.228856005972573e-06
51,HOME AND KITCHEN I,3.2665361046997116e-05
51,HOME AND KITCHEN II,3.161752861627453e-05
51,HOME APPLIANCES,1.6914343948375227e-06
51,HOME CARE,0.0003155372726382609
51,LADIESWEAR,4.006911215083163e-06
51,LAWN AND GARDEN,2.7166336450564993e-05
51,LINGERIE,1.0397291932583297e-05
51,"LIQUOR,WINE,BEER",0.00025149375447249656
51,MAGAZINES,9.142687235531456e-06
51,MEATS,0.0009984960896525616
51,PERSONAL CARE,0.00045094795910558666
51,PET SUPPLIES,1.730553472251166e-05
51,PLAYERS AND ELECTRONICS,1.1215066931849455e-05
51,POULTRY,0.0013256675777680795
51,PREPARED FOODS,0.000265590880939624
51,PRODUCE,0.00527655847361388
51,SCHOOL AND OFFICE SUPPLIES,9.500347371884765e-06
51,SEAFOOD,0.00010330472068481305
52,AUTOMOTIVE,1.3943156878148522e-06
52,BABY CARE,0.0
52,BEAUTY,9.053272201443129e-07
52,BEVERAGES,0.0005009067465892293
52,BOOKS,0.0
52,BREAD/BAKERY,9.083155180852816e-05
52,CELEBRATION,1.250879070631494e-06
52,CLEANING,0.00018759553573712573
52,DAIRY,0.0001309408661695145
52,DELI,4.160073948873852e-05
52,EGGS,2.3287027940378715e-05
52,FROZEN FOODS,3.783568295705621e-05
52,GROCERY I,0.0006857136509507253
52,GROCERY II,5.282938264051998e-06
52,HARDWARE,3.6790560900926296e-07
52,HOME AND KITCHEN I,6.4509221468307725e-06
52,HOME AND KITCHEN II,5.840850820498957e-06
52,HOME APPLIANCES,1.0897457279514877e-07
52,HOME CARE,4.130508871578173e-05
52,LADIESWEAR,1.1772979488296414e-06
52,LAWN AND GARDEN,7.177419298798431e-06
52,LINGERIE,9.342008249020019e-07
52,"LIQUOR,WINE,BEER",2.3052313475896854e-05
52,MAGAZINES,1.1614640365431669e-06
52,MEATS,5.53059182443469e-05
52,PERSONAL CARE,4.2332430201192406e-05
52,PET SUPPLIES,1.6215788994560172e-06
52,PLAYERS AND ELECTRONICS,3.1230063468558446e-06
52,POULTRY,5.435974599446532e-05
52,PREPARED FOODS,1.4857058655441461e-05
52,PRODUCE,0.0005412941327647268
52,SCHOOL AND OFFICE SUPPLIES,2.078899542553607e-06
52,SEAFOOD,1.1358280002133527e-06
53,AUTOMOTIVE,7.415859389700637e-06
53,BABY CARE,2.0490945311908316e-08
53,BEAUTY,5.2624473187400905e-06
53,BEVERAGES,0.0019492468117189277
53,BOOKS,7.17183085916791e-08
53,BREAD/BAKERY,0.00048799387073436524
53,CELEBRATION,8.215006256865062e-06
53,CLEANING,0.0009964765333313117
53,DAIRY,0.0005347689651237628
53,DELI,0.00022935133815393777
53,EGGS,0.0001008722667374992
53,FROZEN FOODS,0.00017768037731798913
53,GROCERY I,0.0029915709037790293
53,GROCERY II,1.6173875697331267e-05
53,HARDWARE,1.4297091388081484e-06
53,HOME AND KITCHEN I,2.2129289530255895e-05
53,HOME AND KITCHEN II,2.13841642461865e-05
53,HOME APPLIANCES,1.4064239736809797e-07
53,HOME CARE,0.0001820406267443884
53,LADIESWEAR,4.158730491712302e-06
53,LAWN AND GARDEN,5.67971747781895e-06
53,LINGERIE,7.62076884281972e-06
53,"LIQUOR,WINE,BEER",0.00010806738276179429
53,MAGAZINES,3.2608545244086826e-06
53,MEATS,0.00026245830862398214
53,PERSONAL CARE,0.0002739006031710683
53,PET SUPPLIES,3.277619843300244e-06
53,PLAYERS AND ELECTRONICS,5.446865826547265e-06
53,POULTRY,0.0002150820213275853
53,PREPARED FOODS,7.843917755231017e-05
53,PRODUCE,0.0017398940825520124
53,SCHOOL AND OFFICE SUPPLIES,1.1810235752499883e-06
53,SEAFOOD,6.100237407869901e-06
54,AUTOMOTIVE,8.872579320056301e-06
54,BABY CARE,2.8221620134128274e-07
54,BEAUTY,9.84496781576686e-07
54,BEVERAGES,0.0020165372133100247
54,BOOKS,0.0
54,BREAD/BAKERY,0.00034273993394642427
54,CELEBRATION,4.598354409313244e-06
54,CLEANING,0.0016316036287465658
54,DAIRY,0.00028246861253126125
54,DELI,0.0002884029849575703
54,EGGS,0.00011076939332315093
54,FROZEN FOODS,5.301755376802861e-05
54,GROCERY I,0.004145495012915665
54,GROCERY II,1.2486436947792859e-05
54,HARDWARE,1.1093052666583093e-06
54,HOME AND KITCHEN I,2.344350425003329e-05
54,HOME AND KITCHEN II,1.3621821599393597e-05
54,HOME APPLIANCES,2.840790145514562e-07
54,HOME CARE,0.00020907656627024124
54,LADIESWEAR,0.0
54,LAWN AND GARDEN,0.0
54,LINGERIE,6.743383820828009e-06
54,"LIQUOR,WINE,BEER",3.743416286504123e-05
54,MAGAZINES,7.106632396811839e-07
54,MEATS,8.169624248874412e-05
54,PERSONAL CARE,0.0002855990701309578
54,PET SUPPLIES,1.6020193607491956e-07
54,PLAYERS AND ELECTRONICS,3.088544302467635e-06
54,POULTRY,8.279255820026935e-05
54,PREPARED FOODS,9.601870691839219e-05
54,PRODUCE,0.0005552862826269081
54,SCHOOL AND OFFICE SUPPLIES,9.528289570037367e-07
54,SEAFOOD,2.736472605744847e-06
