date,sales,onpromotion
2013-01-01,2511.619,0.0
2013-01-02,496092.4,0.0
2013-01-03,361461.22,0.0
2013-01-04,354459.7,0.0
2013-01-05,477350.12,0.0
2013-01-06,519695.4,0.0
2013-01-07,336122.8,0.0
2013-01-08,318347.78,0.0
2013-01-09,302530.8,0.0
2013-01-10,258982.0,0.0
2013-01-11,289737.7,0.0
2013-01-12,403258.22,0.0
2013-01-13,464638.56,0.0
2013-01-14,293348.38,0.0
2013-01-15,299129.56,0.0
2013-01-16,318347.9,0.0
2013-01-17,267498.53,0.0
2013-01-18,296130.84,0.0
2013-01-19,432459.84,0.0
2013-01-20,461092.38,0.0
2013-01-21,311211.28,0.0
2013-01-22,296214.72,0.0
2013-01-23,283258.44,0.0
2013-01-24,247245.69,0.0
2013-01-25,290022.78,0.0
2013-01-26,413799.78,0.0
2013-01-27,430412.0,0.0
2013-01-28,285460.16,0.0
2013-01-29,264488.8,0.0
2013-01-30,281061.12,0.0
2013-01-31,271254.22,0.0
2013-02-01,369402.06,0.0
2013-02-02,518887.47,0.0
2013-02-03,486336.8,0.0
2013-02-04,344308.72,0.0
2013-02-05,321245.84,0.0
2013-02-06,321538.2,0.0
2013-02-07,290807.53,0.0
2013-02-08,347441.78,0.0
2013-02-09,416176.28,0.0
2013-02-10,300951.34,0.0
2013-02-11,278627.6,0.0
2013-02-12,308800.78,0.0
2013-02-13,319597.94,0.0
2013-02-14,308164.03,0.0
2013-02-15,320168.88,0.0
2013-02-16,485660.5,0.0
2013-02-17,399588.9,0.0
2013-02-18,350745.56,0.0
2013-02-19,293637.8,0.0
2013-02-20,313803.16,0.0
2013-02-21,267711.1,0.0
2013-02-22,285679.88,0.0
2013-02-23,412897.34,0.0
2013-02-24,452726.12,0.0
2013-02-25,307110.88,0.0
2013-02-26,270425.0,0.0
2013-02-27,288402.0,0.0
2013-02-28,278116.28,0.0
2013-03-01,378898.16,0.0
2013-03-02,547857.2,0.0
2013-03-03,559820.56,0.0
2013-03-04,383647.7,0.0
2013-03-05,332190.0,0.0
2013-03-06,335726.6,0.0
2013-03-07,293099.53,0.0
2013-03-08,316600.7,0.0
2013-03-09,453259.5,0.0
2013-03-10,461859.75,0.0
2013-03-11,318379.12,0.0
2013-03-12,271823.38,0.0
2013-03-13,287869.66,0.0
2013-03-14,247541.42,0.0
2013-03-15,315878.1,0.0
2013-03-16,482233.44,0.0
2013-03-17,513439.6,0.0
2013-03-18,330283.8,0.0
2013-03-19,294020.25,0.0
2013-03-20,321207.0,0.0
2013-03-21,269130.12,0.0
2013-03-22,304100.47,0.0
2013-03-23,453192.0,0.0
2013-03-24,449794.62,0.0
2013-03-25,317559.62,0.0
2013-03-26,275818.25,0.0
2013-03-27,313691.16,0.0
2013-03-28,339293.28,0.0
2013-03-29,345513.12,0.0
2013-03-30,452661.34,0.0
2013-03-31,462107.62,0.0
2013-04-01,428816.44,0.0
2013-04-02,377732.8,0.0
2013-04-03,373731.06,0.0
2013-04-04,308738.38,0.0
2013-04-05,336394.78,0.0
2013-04-06,509424.22,0.0
2013-04-07,519048.38,0.0
2013-04-08,346649.8,0.0
2013-04-09,306335.8,0.0
2013-04-10,312846.38,0.0
2013-04-11,303223.4,0.0
2013-04-12,314394.97,0.0
2013-04-13,453442.5,0.0
2013-04-14,478417.16,0.0
2013-04-15,338712.47,0.0
2013-04-16,333431.88,0.0
2013-04-17,334990.53,0.0
2013-04-18,281924.5,0.0
2013-04-19,311588.72,0.0
2013-04-20,459884.84,0.0
2013-04-21,485721.03,0.0
2013-04-22,328886.3,0.0
2013-04-23,302097.84,0.0
2013-04-24,310555.2,0.0
2013-04-25,268790.62,0.0
2013-04-26,304413.56,0.0
2013-04-27,446665.34,0.0
2013-04-28,477623.47,0.0
2013-04-29,328795.88,0.0
2013-04-30,310186.47,0.0
2013-05-01,507974.62,0.0
2013-05-02,348709.47,0.0
2013-05-03,374291.25,0.0
2013-05-04,520339.53,0.0
2013-05-05,580268.56,0.0
2013-05-06,369869.38,0.0
2013-05-07,317292.97,0.0
2013-05-08,332477.4,0.0
2013-05-09,305868.06,0.0
2013-05-10,335937.44,0.0
2013-05-11,512090.6,0.0
2013-05-12,387860.5,0.0
2013-05-13,350598.06,0.0
2013-05-14,308469.3,0.0
2013-05-15,329113.56,0.0
2013-05-16,307556.94,0.0
2013-05-17,330004.25,0.0
2013-05-18,480969.56,0.0
2013-05-19,518153.56,0.0
2013-05-20,341787.22,0.0
2013-05-21,307178.4,0.0
2013-05-22,301785.47,0.0
2013-05-23,289261.06,0.0
2013-05-24,398389.25,0.0
2013-05-25,417930.16,0.0
2013-05-26,450631.4,0.0
2013-05-27,321630.84,0.0
2013-05-28,307329.16,0.0
2013-05-29,309333.38,0.0
2013-05-30,304344.84,0.0
2013-05-31,330257.84,0.0
2013-06-01,566901.8,0.0
2013-06-02,637698.5,0.0
2013-06-03,426332.1,0.0
2013-06-04,369705.16,0.0
2013-06-05,361791.1,0.0
2013-06-06,317496.78,0.0
2013-06-07,357673.1,0.0
2013-06-08,466292.7,0.0
2013-06-09,526804.75,0.0
2013-06-10,349754.28,0.0
2013-06-11,283858.22,0.0
2013-06-12,320173.56,0.0
2013-06-13,282886.9,0.0
2013-06-14,326956.75,0.0
2013-06-15,505950.66,0.0
2013-06-16,435894.1,0.0
2013-06-17,370944.28,0.0
2013-06-18,320885.34,0.0
2013-06-19,319235.25,0.0
2013-06-20,293877.94,0.0
2013-06-21,319722.7,0.0
2013-06-22,446347.3,0.0
2013-06-23,504964.84,0.0
2013-06-24,336631.97,0.0
2013-06-25,305119.53,0.0
2013-06-26,301847.25,0.0
2013-06-27,266525.47,0.0
2013-06-28,324210.97,0.0
2013-06-29,509379.1,0.0
2013-06-30,533481.7,0.0
2013-07-01,441758.38,0.0
2013-07-02,390958.38,0.0
2013-07-03,374551.9,0.0
2013-07-04,327020.2,0.0
2013-07-05,351401.5,0.0
2013-07-06,479514.5,0.0
2013-07-07,500606.06,0.0
2013-07-08,365453.0,0.0
2013-07-09,317279.16,0.0
2013-07-10,314134.88,0.0
2013-07-11,281750.94,0.0
2013-07-12,308786.44,0.0
2013-07-13,432569.1,0.0
2013-07-14,438722.4,0.0
2013-07-15,348803.06,0.0
2013-07-16,335516.22,0.0
2013-07-17,324313.8,0.0
2013-07-18,287074.88,0.0
2013-07-19,313332.56,0.0
2013-07-20,435497.72,0.0
2013-07-21,437952.62,0.0
2013-07-22,342802.3,0.0
2013-07-23,316257.47,0.0
2013-07-24,309243.78,0.0
2013-07-25,298074.22,0.0
2013-07-26,318745.7,0.0
2013-07-27,423890.5,0.0
2013-07-28,433358.66,0.0
2013-07-29,331493.28,0.0
2013-07-30,318554.0,0.0
2013-07-31,357982.97,0.0
2013-08-01,397555.3,0.0
2013-08-02,393831.12,0.0
2013-08-03,516956.84,0.0
2013-08-04,514267.28,0.0
2013-08-05,407033.8,0.0
2013-08-06,357263.84,0.0
2013-08-07,351302.12,0.0
2013-08-08,310953.03,0.0
2013-08-09,337521.66,0.0
2013-08-10,434184.94,0.0
2013-08-11,434720.3,0.0
2013-08-12,349539.22,0.0
2013-08-13,317103.34,0.0
2013-08-14,324377.38,0.0
2013-08-15,311043.2,0.0
2013-08-16,364487.3,0.0
2013-08-17,448835.3,0.0
2013-08-18,464053.78,0.0
2013-08-19,362085.53,0.0
2013-08-20,343046.12,0.0
2013-08-21,335724.66,0.0
2013-08-22,306473.25,0.0
2013-08-23,331906.38,0.0
2013-08-24,420576.16,0.0
2013-08-25,443694.1,0.0
2013-08-26,347159.66,0.0
2013-08-27,319688.22,0.0
2013-08-28,319322.06,0.0
2013-08-29,294518.7,0.0
2013-08-30,354932.94,0.0
2013-08-31,523631.38,0.0
2013-09-01,640406.25,0.0
2013-09-02,458792.97,0.0
2013-09-03,397680.4,0.0
2013-09-04,392565.5,0.0
2013-09-05,330622.78,0.0
2013-09-06,335442.25,0.0
2013-09-07,518584.25,0.0
2013-09-08,560852.0,0.0
2013-09-09,377151.72,0.0
2013-09-10,308074.47,0.0
2013-09-11,323124.62,0.0
2013-09-12,282855.72,0.0
2013-09-13,319556.94,0.0
2013-09-14,476364.0,0.0
2013-09-15,532852.94,0.0
2013-09-16,373229.84,0.0
2013-09-17,327282.94,0.0
2013-09-18,315687.72,0.0
2013-09-19,279580.38,0.0
2013-09-20,331846.9,0.0
2013-09-21,468298.38,0.0
2013-09-22,502068.7,0.0
2013-09-23,356043.03,0.0
2013-09-24,303333.4,0.0
2013-09-25,312490.1,0.0
2013-09-26,273057.88,0.0
2013-09-27,320246.56,0.0
2013-09-28,484903.7,0.0
2013-09-29,522868.44,0.0
2013-09-30,367068.44,0.0
2013-10-01,436441.03,0.0
2013-10-02,414455.66,0.0
2013-10-03,348933.25,0.0
2013-10-04,378109.97,0.0
2013-10-05,540156.6,0.0
2013-10-06,553031.44,0.0
2013-10-07,373387.1,0.0
2013-10-08,326726.72,0.0
2013-10-09,322529.4,0.0
2013-10-10,305047.1,0.0
2013-10-11,402913.84,0.0
2013-10-12,426379.7,0.0
2013-10-13,481781.25,0.0
2013-10-14,342694.72,0.0
2013-10-15,305242.56,0.0
2013-10-16,355696.97,0.0
2013-10-17,312949.4,0.0
2013-10-18,323327.88,0.0
2013-10-19,488245.56,0.0
2013-10-20,537713.5,0.0
2013-10-21,348721.3,0.0
2013-10-22,301641.78,0.0
2013-10-23,323105.12,0.0
2013-10-24,276059.1,0.0
2013-10-25,317570.44,0.0
2013-10-26,452902.38,0.0
2013-10-27,512891.47,0.0
2013-10-28,346941.9,0.0
2013-10-29,302333.0,0.0
2013-10-30,319494.72,0.0
2013-10-31,298195.44,0.0
2013-11-01,403637.22,0.0
2013-11-02,540615.56,0.0
2013-11-03,602796.56,0.0
2013-11-04,424314.16,0.0
2013-11-05,393322.2,0.0
2013-11-06,386426.97,0.0
2013-11-07,346293.34,0.0
2013-11-08,358473.97,0.0
2013-11-09,513850.3,0.0
2013-11-10,587666.5,0.0
2013-11-11,374087.88,0.0
2013-11-12,373277.75,0.0
2013-11-13,332279.25,0.0
2013-11-14,284567.4,0.0
2013-11-15,349383.28,0.0
2013-11-16,524065.6,0.0
2013-11-17,579209.25,0.0
2013-11-18,391945.56,0.0
2013-11-19,329455.28,0.0
2013-11-20,354337.75,0.0
2013-11-21,298047.06,0.0
2013-11-22,340734.22,0.0
2013-11-23,485544.3,0.0
2013-11-24,550925.3,0.0
2013-11-25,365965.5,0.0
2013-11-26,323292.84,0.0
2013-11-27,337083.28,0.0
2013-11-28,305982.97,0.0
2013-11-29,357000.4,0.0
2013-11-30,541977.6,0.0
2013-12-01,698217.1,0.0
2013-12-02,495488.38,0.0
2013-12-03,424438.06,0.0
2013-12-04,424147.03,0.0
2013-12-05,386406.8,0.0
2013-12-06,432661.75,0.0
2013-12-07,537181.3,0.0
2013-12-08,588855.9,0.0
2013-12-09,442309.3,0.0
2013-12-10,414421.7,0.0
2013-12-11,422957.2,0.0
2013-12-12,384256.1,0.0
2013-12-13,434657.0,0.0
2013-12-14,554911.94,0.0
2013-12-15,642015.75,0.0
2013-12-16,516060.28,0.0
2013-12-17,480470.72,0.0
2013-12-18,527481.3,0.0
2013-12-19,507461.03,0.0
2013-12-20,544104.25,0.0
2013-12-21,685673.06,0.0
2013-12-22,696295.1,0.0
2013-12-23,792865.3,0.0
2013-12-24,620663.3,0.0
2013-12-26,470731.16,0.0
2013-12-27,479314.97,0.0
2013-12-28,556952.3,0.0
2013-12-29,499719.5,0.0
2013-12-30,635134.75,0.0
2013-12-31,507264.66,0.0
2014-01-01,8602.065,0.0
2014-01-02,801011.25,0.0
2014-01-03,680672.9,0.0
2014-01-04,936628.9,0.0
2014-01-05,949618.8,0.0
2014-01-06,602268.56,0.0
2014-01-07,563450.6,0.0
2014-01-08,636176.9,0.0
2014-01-09,496377.94,0.0
2014-01-10,543055.3,0.0
2014-01-11,787321.44,0.0
2014-01-12,844633.6,0.0
2014-01-13,555547.0,0.0
2014-01-14,502643.1,0.0
2014-01-15,567067.5,0.0
2014-01-16,502789.22,0.0
2014-01-17,542937.94,0.0
2014-01-18,786779.9,0.0
2014-01-19,851735.3,0.0
2014-01-20,575850.06,0.0
2014-01-21,538817.2,0.0
2014-01-22,553097.6,0.0
2014-01-23,460789.03,0.0
2014-01-24,526124.56,0.0
2014-01-25,733881.0,0.0
2014-01-26,814057.75,0.0
2014-01-27,540798.8,0.0
2014-01-28,481593.44,0.0
2014-01-29,512854.0,0.0
2014-01-30,453642.97,0.0
2014-01-31,560816.2,0.0
2014-02-01,648870.2,0.0
2014-02-02,619805.56,0.0
2014-02-03,461637.53,0.0
2014-02-04,403189.6,0.0
2014-02-05,399138.3,0.0
2014-02-06,359139.1,0.0
2014-02-07,389471.56,0.0
2014-02-08,530128.06,0.0
2014-02-09,520753.75,0.0
2014-02-10,396622.75,0.0
2014-02-11,358382.72,0.0
2014-02-12,387758.4,0.0
2014-02-13,347373.3,0.0
2014-02-14,361206.4,0.0
2014-02-15,538893.4,0.0
2014-02-16,595300.25,0.0
2014-02-17,412029.28,0.0
2014-02-18,365331.25,0.0
2014-02-19,360161.62,0.0
2014-02-20,322451.9,0.0
2014-02-21,369403.66,0.0
2014-02-22,538206.06,0.0
2014-02-23,487896.47,0.0
2014-02-24,404224.2,0.0
2014-02-25,351418.12,0.0
2014-02-26,353604.28,0.0
2014-02-27,330330.2,0.0
2014-02-28,425624.78,0.0
2014-03-01,911360.25,0.0
2014-03-02,667413.06,0.0
2014-03-03,613973.0,0.0
2014-03-04,748930.9,0.0
2014-03-05,741756.44,0.0
2014-03-06,614082.44,0.0
2014-03-07,598242.3,0.0
2014-03-08,753345.25,0.0
2014-03-09,916117.6,0.0
2014-03-10,587414.8,0.0
2014-03-11,539365.4,0.0
2014-03-12,575676.8,0.0
2014-03-13,473298.03,0.0
2014-03-14,530515.25,0.0
2014-03-15,731049.8,0.0
2014-03-16,929808.5,0.0
2014-03-17,612719.5,0.0
2014-03-18,537427.9,0.0
2014-03-19,585974.7,0.0
2014-03-20,500897.12,0.0
2014-03-21,548811.5,0.0
2014-03-22,771704.94,0.0
2014-03-23,838814.6,0.0
2014-03-24,571762.06,0.0
2014-03-25,539861.6,0.0
2014-03-26,569680.56,0.0
2014-03-27,468581.4,0.0
2014-03-28,538905.8,0.0
2014-03-29,822333.1,0.0
2014-03-30,873958.8,0.0
2014-03-31,651800.5,0.0
2014-04-01,485079.88,8.0
2014-04-02,463917.3,4.0
2014-04-03,388867.97,120.0
2014-04-04,422578.75,5.0
2014-04-05,617680.2,7.0
2014-04-06,631888.25,7.0
2014-04-07,426091.1,3.0
2014-04-08,376663.28,8.0
2014-04-09,375309.1,4.0
2014-04-10,334052.75,119.0
2014-04-11,379646.84,14.0
2014-04-12,529919.94,10.0
2014-04-13,540190.3,16.0
2014-04-14,381386.3,8.0
2014-04-15,364689.06,45.0
2014-04-16,411357.1,45.0
2014-04-17,397464.84,455.0
2014-04-18,394392.2,37.0
2014-04-19,496904.75,36.0
2014-04-20,520126.4,56.0
2014-04-21,398677.4,28.0
2014-04-22,370552.25,49.0
2014-04-23,372232.6,58.0
2014-04-24,320875.47,460.0
2014-04-25,357173.72,22.0
2014-04-26,497334.75,39.0
2014-04-27,560508.44,52.0
2014-04-28,362271.9,65.0
2014-04-29,326338.34,73.0
2014-04-30,357079.97,86.0
2014-05-01,530380.9,547.0
2014-05-02,443284.9,215.0
2014-05-03,610391.75,72.0
2014-05-04,646164.9,58.0
2014-05-05,427601.72,67.0
2014-05-06,388945.88,84.0
2014-05-07,391932.2,71.0
2014-05-08,337483.72,472.0
2014-05-09,381335.2,218.0
2014-05-10,577012.0,61.0
2014-05-11,454512.94,59.0
2014-05-12,398251.88,61.0
2014-05-13,360734.53,65.0
2014-05-14,356373.8,151.0
2014-05-15,332272.84,534.0
2014-05-16,380822.75,1188.0
2014-05-17,537873.94,129.0
2014-05-18,634519.75,139.0
2014-05-19,388814.75,110.0
2014-05-20,354372.34,157.0
2014-05-21,356898.47,191.0
2014-05-22,310660.16,1561.0
2014-05-23,349549.9,1274.0
2014-05-24,516627.25,220.0
2014-05-25,573412.2,218.0
2014-05-26,373831.1,188.0
2014-05-27,327642.16,196.0
2014-05-28,338481.78,192.0
2014-05-29,326624.56,1586.0
2014-05-30,375782.62,1224.0
2014-05-31,597192.44,267.0
2014-06-01,742732.8,123.0
2014-06-02,512725.78,195.0
2014-06-03,443636.2,213.0
2014-06-04,423284.5,236.0
2014-06-05,359474.5,1616.0
2014-06-06,391266.12,1264.0
2014-06-07,557142.44,197.0
2014-06-08,626026.94,215.0
2014-06-09,415798.94,199.0
2014-06-10,351689.44,199.0
2014-06-11,373828.16,258.0
2014-06-12,329408.06,1979.0
2014-06-13,392308.38,1335.0
2014-06-14,622073.0,278.0
2014-06-15,441279.94,250.0
2014-06-16,447450.25,338.0
2014-06-17,380396.03,380.0
2014-06-18,373408.66,425.0
2014-06-19,332280.94,2360.0
2014-06-20,369206.78,1933.0
2014-06-21,538613.9,308.0
2014-06-22,591184.1,360.0
2014-06-23,414929.62,237.0
2014-06-24,340464.75,266.0
2014-06-25,355342.4,354.0
2014-06-26,315798.2,2168.0
2014-06-27,370793.56,2732.0
2014-06-28,510870.8,425.0
2014-06-29,567218.9,302.0
2014-06-30,429324.06,352.0
2014-07-01,720480.6,2320.0
2014-07-02,747430.1,4310.0
2014-07-03,583844.75,2384.0
2014-07-04,595424.3,4056.0
2014-07-05,817307.1,610.0
2014-07-06,918276.6,583.0
2014-07-07,638526.44,492.0
2014-07-08,557291.5,2184.0
2014-07-09,574451.44,4280.0
2014-07-10,498047.56,2464.0
2014-07-11,535644.2,4056.0
2014-07-12,756698.75,568.0
2014-07-13,733653.75,720.0
2014-07-14,584867.1,617.0
2014-07-15,562860.0,2328.0
2014-07-16,621336.5,4450.0
2014-07-17,498221.72,2416.0
2014-07-18,547619.06,4276.0
2014-07-19,728988.25,759.0
2014-07-20,776474.1,636.0
2014-07-21,600228.44,592.0
2014-07-22,530276.06,2288.0
2014-07-23,574168.6,4460.0
2014-07-24,484618.8,2424.0
2014-07-25,579767.3,4396.0
2014-07-26,688919.56,673.0
2014-07-27,747307.9,605.0
2014-07-28,583936.7,557.0
2014-07-29,524743.3,2208.0
2014-07-30,578056.94,4640.0
2014-07-31,532423.56,2320.0
2014-08-01,506826.78,4410.0
2014-08-02,626533.6,506.0
2014-08-03,625898.2,453.0
2014-08-04,471173.3,402.0
2014-08-05,417197.47,395.0
2014-08-06,402914.38,515.0
2014-08-07,359701.53,2310.0
2014-08-08,397759.94,4308.0
2014-08-09,496192.78,574.0
2014-08-10,509681.75,612.0
2014-08-11,409544.56,530.0
2014-08-12,353898.22,488.0
2014-08-13,372116.53,623.0
2014-08-14,340740.8,2332.0
2014-08-15,402631.84,4456.0
2014-08-16,533996.1,578.0
2014-08-17,564443.2,559.0
2014-08-18,433042.3,514.0
2014-08-19,379329.97,512.0
2014-08-20,398126.78,582.0
2014-08-21,355108.88,2412.0
2014-08-22,388359.9,4480.0
2014-08-23,499678.22,649.0
2014-08-24,528990.56,680.0
2014-08-25,412250.06,591.0
2014-08-26,355053.9,516.0
2014-08-27,366321.5,623.0
2014-08-28,327912.44,2176.0
2014-08-29,403288.9,4268.0
2014-08-30,586373.7,437.0
2014-08-31,660088.2,455.0
2014-09-01,812526.25,633.0
2014-09-02,717351.56,2300.0
2014-09-03,726683.9,4724.0
2014-09-04,551340.06,2656.0
2014-09-05,603043.25,4800.0
2014-09-06,870139.44,959.0
2014-09-07,997964.06,942.0
2014-09-08,648651.75,802.0
2014-09-09,562420.56,2512.0
2014-09-10,612987.5,4870.0
2014-09-11,483462.94,2736.0
2014-09-12,564382.9,4730.0
2014-09-13,795802.25,1018.0
2014-09-14,896501.56,1020.0
2014-09-15,630710.56,870.0
2014-09-16,608240.0,2648.0
2014-09-17,617472.4,5000.0
2014-09-18,479500.84,2684.0
2014-09-19,550213.1,4616.0
2014-09-20,808490.75,898.0
2014-09-21,901420.44,975.0
2014-09-22,589120.3,798.0
2014-09-23,559954.3,2592.0
2014-09-24,598183.1,4836.0
2014-09-25,466867.38,2488.0
2014-09-26,515474.22,4320.0
2014-09-27,781202.4,632.0
2014-09-28,886531.8,739.0
2014-09-29,586682.8,582.0
2014-09-30,599093.94,2278.0
2014-10-01,784500.25,4804.0
2014-10-02,634306.5,2616.0
2014-10-03,675639.3,4480.0
2014-10-04,931317.5,735.0
2014-10-05,985466.94,658.0
2014-10-06,641480.75,606.0
2014-10-07,586410.25,2352.0
2014-10-08,620201.3,4784.0
2014-10-09,510519.94,2450.0
2014-10-10,702470.3,4570.0
2014-10-11,748309.1,564.0
2014-10-12,843971.1,648.0
2014-10-13,611726.94,565.0
2014-10-14,550589.56,2356.0
2014-10-15,624797.5,4944.0
2014-10-16,538252.6,2556.0
2014-10-17,558538.1,4550.0
2014-10-18,820841.0,769.0
2014-10-19,935410.6,769.0
2014-10-20,624630.0,609.0
2014-10-21,542207.2,2086.0
2014-10-22,584926.4,4756.0
2014-10-23,492233.22,2526.0
2014-10-24,528403.7,4476.0
2014-10-25,758926.25,1003.0
2014-10-26,892128.5,1020.0
2014-10-27,572806.6,583.0
2014-10-28,512678.8,2328.0
2014-10-29,560819.7,4950.0
2014-10-30,459715.25,2356.0
2014-10-31,561876.06,4420.0
2014-11-01,873539.25,975.0
2014-11-02,709851.5,944.0
2014-11-03,973192.06,690.0
2014-11-04,702751.94,2372.0
2014-11-05,718799.94,4856.0
2014-11-06,566118.4,2520.0
2014-11-07,585330.25,4390.0
2014-11-08,816064.6,861.0
2014-11-09,941478.44,956.0
2014-11-10,593376.8,540.0
2014-11-11,552505.75,2362.0
2014-11-12,588093.5,4810.0
2014-11-13,468057.38,2504.0
2014-11-14,553008.0,4430.0
2014-11-15,786124.2,1184.0
2014-11-16,956619.4,1058.0
2014-11-17,620876.3,754.0
2014-11-18,553367.2,2664.0
2014-11-19,580234.0,5148.0
2014-11-20,511855.75,2824.0
2014-11-21,567978.75,4572.0
2014-11-22,763720.1,868.0
2014-11-23,907432.7,973.0
2014-11-24,610847.94,710.0
2014-11-25,541225.6,2544.0
2014-11-26,579125.3,5020.0
2014-11-27,475823.9,2774.0
2014-11-28,559619.8,4656.0
2014-11-29,850925.1,994.0
2014-11-30,1023691.25,1076.0
2014-12-01,817413.56,1423.0
2014-12-02,735319.2,3044.0
2014-12-03,715127.6,5360.0
2014-12-04,578961.5,3216.0
2014-12-05,635445.1,4850.0
2014-12-06,829386.7,1151.0
2014-12-07,1013889.8,1165.0
2014-12-08,790283.3,922.0
2014-12-09,665123.94,2992.0
2014-12-10,732121.06,5560.0
2014-12-11,580542.2,3160.0
2014-12-12,642760.4,4852.0
2014-12-13,854830.9,1261.0
2014-12-14,999106.1,1410.0
2014-12-15,790182.94,1025.0
2014-12-16,799067.06,2972.0
2014-12-17,779966.5,5290.0
2014-12-18,731938.5,3180.0
2014-12-19,757349.4,4940.0
2014-12-20,935555.5,1534.0
2014-12-21,1056605.2,1579.0
2014-12-22,1008143.4,1582.0
2014-12-23,1064978.0,3364.0
2014-12-24,965982.9,5828.0
2014-12-26,872098.44,5710.0
2014-12-27,740596.2,1747.0
2014-12-28,716329.6,1859.0
2014-12-29,773998.4,1783.0
2014-12-30,912970.56,3494.0
2014-12-31,844380.5,5650.0
2015-01-01,12773.617,12.0
2015-01-02,657763.4,4948.0
2015-01-03,648880.7,1306.0
2015-01-04,730923.75,1295.0
2015-01-05,569267.3,1148.0
2015-01-06,477886.75,1042.0
2015-01-07,494160.84,1291.0
2015-01-08,417482.7,3064.0
2015-01-09,439381.22,4760.0
2015-01-10,569956.94,954.0
2015-01-11,694860.94,1058.0
2015-01-12,442845.53,1043.0
2015-01-13,393800.0,1213.0
2015-01-14,400923.97,1586.0
2015-01-15,371146.16,2608.0
2015-01-16,423599.94,4510.0
2015-01-17,621865.44,712.0
2015-01-18,678277.0,577.0
2015-01-19,448217.9,588.0
2015-01-20,405308.78,569.0
2015-01-21,413202.6,697.0
2015-01-22,364862.53,2598.0
2015-01-23,416937.2,4476.0
2015-01-24,588849.9,632.0
2015-01-25,631623.94,616.0
2015-01-26,410009.62,540.0
2015-01-27,360009.84,560.0
2015-01-28,376935.9,639.0
2015-01-29,343062.16,2696.0
2015-01-30,435899.66,4650.0
2015-01-31,656205.8,763.0
2015-02-01,815294.5,727.0
2015-02-02,538301.9,653.0
2015-02-03,475249.84,583.0
2015-02-04,451923.16,687.0
2015-02-05,407491.97,2640.0
2015-02-06,437147.53,4644.0
2015-02-07,599911.6,721.0
2015-02-08,622994.25,690.0
2015-02-09,458002.16,722.0
2015-02-10,400826.0,694.0
2015-02-11,400115.34,766.0
2015-02-12,384963.16,2612.0
2015-02-13,493265.47,4536.0
2015-02-14,562855.06,697.0
2015-02-15,434886.66,576.0
2015-02-16,420740.9,574.0
2015-02-17,483088.12,609.0
2015-02-18,497499.06,670.0
2015-02-19,436360.9,2616.0
2015-02-20,483681.0,4388.0
2015-02-21,572753.06,443.0
2015-02-22,691339.06,573.0
2015-02-23,443349.9,425.0
2015-02-24,407890.28,411.0
2015-02-25,395774.97,476.0
2015-02-26,354938.22,2632.0
2015-02-27,436488.44,4476.0
2015-02-28,635263.4,504.0
2015-03-01,820435.0,617.0
2015-03-02,546037.8,464.0
2015-03-03,492365.25,571.0
2015-03-04,483330.56,608.0
2015-03-05,428599.8,2680.0
2015-03-06,463723.97,4452.0
2015-03-07,657377.2,660.0
2015-03-08,659563.44,538.0
2015-03-09,480371.94,557.0
2015-03-10,457881.75,567.0
2015-03-11,425617.72,572.0
2015-03-12,382588.66,2664.0
2015-03-13,434806.0,4500.0
2015-03-14,616609.75,649.0
2015-03-15,662700.9,636.0
2015-03-16,466598.44,597.0
2015-03-17,415359.53,581.0
2015-03-18,398630.0,600.0
2015-03-19,373324.38,2698.0
2015-03-20,467687.94,4476.0
2015-03-21,624099.25,597.0
2015-03-22,646466.4,666.0
2015-03-23,462664.25,543.0
2015-03-24,407369.72,445.0
2015-03-25,408258.2,579.0
2015-03-26,367006.97,2768.0
2015-03-27,436906.6,4596.0
2015-03-28,589854.7,587.0
2015-03-29,641213.75,669.0
2015-03-30,437878.84,632.0
2015-03-31,443278.9,590.0
2015-04-01,557223.2,777.0
2015-04-02,524588.9,2854.0
2015-04-03,510296.78,4600.0
2015-04-04,653894.2,712.0
2015-04-05,659669.56,707.0
2015-04-06,519734.8,578.0
2015-04-07,464788.22,631.0
2015-04-08,461140.22,753.0
2015-04-09,398718.3,2884.0
2015-04-10,445869.3,4724.0
2015-04-11,610603.0,736.0
2015-04-12,659939.0,715.0
2015-04-13,453724.75,643.0
2015-04-14,403623.4,666.0
2015-04-15,438106.28,739.0
2015-04-16,418643.2,3374.0
2015-04-17,456303.25,5104.0
2015-04-18,629155.7,1195.0
2015-04-19,684544.94,1249.0
2015-04-20,481694.78,1146.0
2015-04-21,426018.3,1090.0
2015-04-22,421108.22,1250.0
2015-04-23,392147.03,3300.0
2015-04-24,437625.5,5216.0
2015-04-25,588781.5,1185.0
2015-04-26,625901.0,1169.0
2015-04-27,425049.16,1046.0
2015-04-28,374839.2,1057.0
2015-04-29,398724.34,1012.0
2015-04-30,432612.16,3268.0
2015-05-01,674509.4,5556.0
2015-05-02,711052.25,1343.0
2015-05-03,742887.8,1381.0
2015-05-04,556245.1,1282.0
2015-05-05,509493.22,1240.0
2015-05-06,504999.56,1340.0
2015-05-07,444082.3,3372.0
2015-05-08,481304.22,5130.0
2015-05-09,706705.44,1156.0
2015-05-10,558062.25,1024.0
2015-05-11,524864.06,1055.0
2015-05-12,452162.88,1014.0
2015-05-13,446915.62,1172.0
2015-05-14,395609.66,3152.0
2015-05-15,483535.53,5076.0
2015-05-16,709798.56,1196.0
2015-05-17,798186.1,1060.0
2015-05-18,496595.0,968.0
2015-05-19,446375.5,999.0
2015-05-20,466238.62,1232.0
2015-05-21,417006.12,3116.0
2015-05-22,458727.9,4924.0
2015-05-23,658882.94,970.0
2015-05-24,738068.44,1012.0
2015-05-25,534802.8,941.0
2015-05-26,463132.4,887.0
2015-05-27,481804.97,1007.0
2015-05-28,428506.88,3184.0
2015-05-29,560519.5,5080.0
2015-05-30,855728.3,992.0
2015-05-31,1023564.75,1025.0
2015-06-01,812081.2,1388.0
2015-06-02,753430.6,3644.0
2015-06-03,747929.44,5580.0
2015-06-04,608994.6,3400.0
2015-06-05,657675.1,5144.0
2015-06-06,904437.25,1066.0
2015-06-07,1070695.9,1068.0
2015-06-08,696952.8,949.0
2015-06-09,623725.1,3216.0
2015-06-10,641435.4,5372.0
2015-06-11,510019.16,1369.0
2015-06-12,606616.0,6500.0
2015-06-13,840727.75,1564.0
2015-06-14,967745.75,2240.0
2015-06-15,666557.1,1495.0
2015-06-16,672637.8,3628.0
2015-06-17,677171.2,8610.0
2015-06-18,556155.06,1775.0
2015-06-19,659233.56,6748.0
2015-06-20,936951.6,1586.0
2015-06-21,790568.44,2388.0
2015-06-22,701208.25,1617.0
2015-06-23,640322.3,3756.0
2015-06-24,643411.7,9260.0
2015-06-25,518700.97,1154.0
2015-06-26,593299.44,6212.0
2015-06-27,831492.44,1166.0
2015-06-28,976563.56,1994.0
2015-06-29,639072.2,1006.0
2015-06-30,669548.44,2928.0
2015-07-01,885953.2,8450.0
2015-07-02,705642.3,1306.0
2015-07-03,772773.4,6484.0
2015-07-04,1018541.8,1252.0
2015-07-05,982427.7,2064.0
2015-07-06,754949.7,1033.0
2015-07-07,654821.06,2972.0
2015-07-08,732992.1,8240.0
2015-07-09,605032.5,1214.0
2015-07-10,643986.4,6410.0
2015-07-11,794984.7,1137.0
2015-07-12,898731.94,1942.0
2015-07-13,647967.06,1009.0
2015-07-14,601452.25,2852.0
2015-07-15,664505.1,8260.0
2015-07-16,584042.75,1225.0
2015-07-17,653452.2,6504.0
2015-07-18,826353.3,1126.0
2015-07-19,894707.3,1938.0
2015-07-20,685961.25,1357.0
2015-07-21,607836.5,3156.0
2015-07-22,631385.44,8420.0
2015-07-23,541511.44,1482.0
2015-07-24,635244.25,6710.0
2015-07-25,797427.5,1529.0
2015-07-26,875032.06,2384.0
2015-07-27,652999.2,1466.0
2015-07-28,594977.7,3408.0
2015-07-29,625450.0,8744.0
2015-07-30,543393.56,1662.0
2015-07-31,695083.44,7020.0
2015-08-01,1044894.8,1448.0
2015-08-02,1043495.5,2194.0
2015-08-03,811119.8,1405.0
2015-08-04,726613.4,3488.0
2015-08-05,724346.56,8920.0
2015-08-06,583375.2,1529.0
2015-08-07,663326.5,6744.0
2015-08-08,784099.2,1436.0
2015-08-09,679410.1,2288.0
2015-08-10,785477.94,1389.0
2015-08-11,668280.4,3358.0
2015-08-12,678064.75,7916.0
2015-08-13,557859.5,1482.0
2015-08-14,734484.2,6748.0
2015-08-15,936339.0,1434.0
2015-08-16,913846.6,2166.0
2015-08-17,694747.2,1393.0
2015-08-18,629475.6,3316.0
2015-08-19,653733.4,7780.0
2015-08-20,569443.7,1511.0
2015-08-21,653281.2,7090.0
2015-08-22,803270.2,1653.0
2015-08-23,865755.4,2412.0
2015-08-24,681576.0,1491.0
2015-08-25,624698.3,3524.0
2015-08-26,640076.0,8144.0
2015-08-27,548043.3,1462.0
2015-08-28,635737.25,6850.0
2015-08-29,876953.1,1484.0
2015-08-30,975697.6,2310.0
2015-08-31,776152.56,1257.0
2015-09-01,906550.0,3596.0
2015-09-02,879033.06,8160.0
2015-09-03,707093.06,2240.0
2015-09-04,736395.3,7800.0
2015-09-05,1052868.4,2570.0
2015-09-06,1147642.6,3486.0
2015-09-07,767382.75,2392.0
2015-09-08,677312.25,4384.0
2015-09-09,705633.5,8960.0
2015-09-10,577743.8,2596.0
2015-09-11,651330.2,7870.0
2015-09-12,921524.44,2572.0
2015-09-13,1023345.3,3512.0
2015-09-14,688405.2,2432.0
2015-09-15,682134.4,4656.0
2015-09-16,742089.7,9150.0
2015-09-17,593577.8,2564.0
2015-09-18,653805.9,7944.0
2015-09-19,935893.5,2728.0
2015-09-20,1037532.9,3552.0
2015-09-21,717725.4,2516.0
2015-09-22,641914.75,4480.0
2015-09-23,690419.75,9190.0
2015-09-24,557321.6,2352.0
2015-09-25,646083.9,7740.0
2015-09-26,890486.06,2486.0
2015-09-27,1018062.94,3382.0
2015-09-28,671261.06,2244.0
2015-09-29,609130.7,4280.0
2015-09-30,711182.56,9020.0
2015-10-01,796340.9,2232.0
2015-10-02,830719.4,7800.0
2015-10-03,1179376.1,2220.0
2015-10-04,1234131.0,3012.0
2015-10-05,809524.8,1990.0
2015-10-06,696169.25,3988.0
2015-10-07,720562.3,8800.0
2015-10-08,603066.0,2042.0
2015-10-09,873934.7,7816.0
2015-10-10,867557.0,1969.0
2015-10-11,973329.2,2852.0
2015-10-12,721634.56,1864.0
2015-10-13,585141.56,3900.0
2015-10-14,688198.1,8776.0
2015-10-15,577952.2,1289.0
2015-10-16,693829.4,6960.0
2015-10-17,958052.94,1355.0
2015-10-18,1071477.1,2212.0
2015-10-19,699259.5,1166.0
2015-10-20,660308.4,3040.0
2015-10-21,672847.4,7950.0
2015-10-22,547020.06,1019.0
2015-10-23,639040.6,6520.0
2015-10-24,859950.7,915.0
2015-10-25,1018783.1,1822.0
2015-10-26,649914.4,842.0
2015-10-27,587066.1,2944.0
2015-10-28,599388.1,7812.0
2015-10-29,511860.06,1392.0
2015-10-30,635875.9,7060.0
2015-10-31,915956.9,1667.0
2015-11-01,819250.4,2620.0
2015-11-02,762549.8,1715.0
2015-11-03,1033439.1,3898.0
2015-11-04,855494.44,9040.0
2015-11-05,649662.7,1872.0
2015-11-06,671145.8,7450.0
2015-11-07,929723.4,1881.0
2015-11-08,1077362.0,2868.0
2015-11-09,683644.9,1707.0
2015-11-10,623529.2,3788.0
2015-11-11,689746.2,8744.0
2015-11-12,506937.66,1777.0
2015-11-13,626674.0,7176.0
2015-11-14,867597.3,2300.0
2015-11-15,1056159.5,3508.0
2015-11-16,716508.7,2524.0
2015-11-17,618920.0,4524.0
2015-11-18,683954.2,9940.0
2015-11-19,560452.56,2888.0
2015-11-20,665619.7,8108.0
2015-11-21,863726.9,2472.0
2015-11-22,1015844.3,3536.0
2015-11-23,696685.44,2308.0
2015-11-24,612710.2,4508.0
2015-11-25,658917.8,9550.0
2015-11-26,530358.3,2134.0
2015-11-27,645087.06,7812.0
2015-11-28,850596.0,2432.0
2015-11-29,1070619.8,3236.0
2015-11-30,762036.1,2190.0
2015-12-01,857620.94,5120.0
2015-12-02,867269.56,10110.0
2015-12-03,676883.06,2512.0
2015-12-04,749354.1,8070.0
2015-12-05,966202.4,2404.0
2015-12-06,1143119.4,3188.0
2015-12-07,822334.7,2031.0
2015-12-08,712569.2,4240.0
2015-12-09,747893.8,9600.0
2015-12-10,657427.2,2013.0
2015-12-11,708392.8,7576.0
2015-12-12,915667.9,2180.0
2015-12-13,1059425.4,2924.0
2015-12-14,811613.75,1672.0
2015-12-15,779809.94,5964.0
2015-12-16,859930.25,11270.0
2015-12-17,809809.75,2120.0
2015-12-18,893569.9,7492.0
2015-12-19,1095523.5,2232.0
2015-12-20,1175417.0,3036.0
2015-12-21,1072887.5,1811.0
2015-12-22,1141861.9,4120.0
2015-12-23,1196146.0,9280.0
2015-12-24,1083680.4,1838.0
2015-12-26,946725.2,1725.0
2015-12-27,837714.1,2582.0
2015-12-28,789684.94,1316.0
2015-12-29,870762.0,3848.0
2015-12-30,1030043.75,9070.0
2015-12-31,964641.56,1638.0
2016-01-01,16433.395,159.0
2016-01-02,1066677.4,1832.0
2016-01-03,1226735.8,2936.0
2016-01-04,955956.9,1741.0
2016-01-05,835320.44,3950.0
2016-01-06,821685.7,8960.0
2016-01-07,653504.4,1998.0
2016-01-08,713608.3,7236.0
2016-01-09,989209.44,1793.0
2016-01-10,1094693.9,2700.0
2016-01-11,705495.25,1467.0
2016-01-12,647058.44,3684.0
2016-01-13,660045.3,8824.0
2016-01-14,561972.6,1917.0
2016-01-15,671027.1,7696.0
2016-01-16,959827.1,2282.0
2016-01-17,1057997.4,3140.0
2016-01-18,709784.25,2200.0
2016-01-19,630929.75,4736.0
2016-01-20,738744.0,10590.0
2016-01-21,552820.75,940.0
2016-01-22,648431.44,6544.0
2016-01-23,906754.8,924.0
2016-01-24,980927.75,1964.0
2016-01-25,658090.7,782.0
2016-01-26,609465.8,3076.0
2016-01-27,647254.7,8216.0
2016-01-28,533709.9,2484.0
2016-01-29,660492.75,8264.0
2016-01-30,969938.4,2792.0
2016-01-31,1093211.2,3760.0
2016-02-01,872063.3,2804.0
2016-02-02,765233.2,4924.0
2016-02-03,772360.94,9940.0
2016-02-04,650328.2,3326.0
2016-02-05,768586.5,9250.0
2016-02-06,941954.06,3668.0
2016-02-07,697791.6,4184.0
2016-02-08,636542.7,3244.0
2016-02-09,746939.6,5544.0
2016-02-10,790988.7,10970.0
2016-02-11,646376.4,5650.0
2016-02-12,698152.06,11250.0
2016-02-13,859023.0,6016.0
2016-02-14,940214.5,6970.0
2016-02-15,746671.3,5744.0
2016-02-16,719111.9,6224.0
2016-02-17,723794.75,11240.0
2016-02-18,570072.7,3948.0
2016-02-19,672510.1,9500.0
2016-02-20,883790.25,4280.0
2016-02-21,991384.25,5430.0
2016-02-22,698907.6,4008.0
2016-02-23,641329.06,6028.0
2016-02-24,675573.4,11120.0
2016-02-25,557959.3,3236.0
2016-02-26,641922.8,9784.0
2016-02-27,916704.06,5172.0
2016-02-28,994502.75,6156.0
2016-02-29,726619.75,3956.0
2016-03-01,897927.6,6664.0
2016-03-02,878452.4,11704.0
2016-03-03,671564.75,3490.0
2016-03-04,747546.8,9320.0
2016-03-05,1028620.7,3908.0
2016-03-06,1078958.5,4730.0
2016-03-07,738126.5,3446.0
2016-03-08,642291.4,5400.0
2016-03-09,694645.9,10750.0
2016-03-10,572491.9,3430.0
2016-03-11,664893.5,9110.0
2016-03-12,898101.1,3824.0
2016-03-13,954980.3,4612.0
2016-03-14,668066.4,3452.0
2016-03-15,668186.7,5708.0
2016-03-16,739805.4,10830.0
2016-03-17,580452.56,4980.0
2016-03-18,666756.8,9540.0
2016-03-19,895038.5,4430.0
2016-03-20,929605.56,5296.0
2016-03-21,690469.8,4120.0
2016-03-22,622695.8,5900.0
2016-03-23,714881.2,11250.0
2016-03-24,660489.9,2340.0
2016-03-25,633524.2,7584.0
2016-03-26,800133.5,2400.0
2016-03-27,833336.06,3328.0
2016-03-28,661057.9,2380.0
2016-03-29,621166.06,4468.0
2016-03-30,660139.0,9810.0
2016-03-31,617374.3,3580.0
2016-04-01,872467.3,9790.0
2016-04-02,1150824.6,3940.0
2016-04-03,1266908.2,5092.0
2016-04-04,795237.2,3644.0
2016-04-05,725750.1,5676.0
2016-04-06,744784.8,11180.0
2016-04-07,587939.75,3080.0
2016-04-08,689727.2,9240.0
2016-04-09,927981.4,4144.0
2016-04-10,1008876.75,5404.0
2016-04-11,665348.94,4376.0
2016-04-12,651657.06,6824.0
2016-04-13,672611.5,12376.0
2016-04-14,546785.2,3484.0
2016-04-15,667606.3,9160.0
2016-04-16,862121.5,3954.0
2016-04-17,1271833.8,4984.0
2016-04-18,1345920.6,4076.0
2016-04-19,1152089.2,6110.0
2016-04-20,1062426.2,12650.0
2016-04-21,1001079.75,5530.0
2016-04-22,857059.25,11040.0
2016-04-23,1022143.1,5736.0
2016-04-24,1039369.94,6760.0
2016-04-25,680000.75,5124.0
2016-04-26,704799.44,7304.0
2016-04-27,670288.1,13520.0
2016-04-28,543339.9,6364.0
2016-04-29,708711.44,14390.0
2016-04-30,1067335.8,10350.0
2016-05-01,1270121.2,12056.0
2016-05-02,973985.7,9680.0
2016-05-03,792205.56,12290.0
2016-05-04,798654.44,17420.0
2016-05-05,648701.6,9970.0
2016-05-06,761422.5,16100.0
2016-05-07,1071192.8,10650.0
2016-05-08,820824.6,10740.0
2016-05-09,771767.6,10230.0
2016-05-10,693010.5,12100.0
2016-05-11,727543.44,15790.0
2016-05-12,603394.2,8950.0
2016-05-13,666833.9,14000.0
2016-05-14,932869.5,9544.0
2016-05-15,1070331.6,10420.0
2016-05-16,748112.7,8880.0
2016-05-17,661930.8,10980.0
2016-05-18,671232.94,14600.0
2016-05-19,581470.56,8980.0
2016-05-20,706024.06,14000.0
2016-05-21,910757.2,9304.0
2016-05-22,1030671.6,10340.0
2016-05-23,695004.7,8536.0
2016-05-24,606377.2,10610.0
2016-05-25,637512.06,15656.0
2016-05-26,571968.6,10760.0
2016-05-27,852689.25,17140.0
2016-05-28,816187.25,11520.0
2016-05-29,959853.7,12740.0
2016-05-30,752452.44,11390.0
2016-05-31,974328.0,14670.0
2016-06-01,811525.3,15910.0
2016-06-02,694535.94,8060.0
2016-06-03,742363.06,11740.0
2016-06-04,1011996.6,6664.0
2016-06-05,1123734.4,7628.0
2016-06-06,729894.25,6264.0
2016-06-07,658714.6,8344.0
2016-06-08,696747.56,13970.0
2016-06-09,547139.6,6260.0
2016-06-10,637354.3,12010.0
2016-06-11,845838.2,7640.0
2016-06-12,947479.75,8584.0
2016-06-13,685382.2,7236.0
2016-06-14,622267.75,9710.0
2016-06-15,708327.6,16030.0
2016-06-16,620526.25,7640.0
2016-06-17,737897.44,13270.0
2016-06-18,972971.1,8530.0
2016-06-19,837363.0,8820.0
2016-06-20,735754.4,7610.0
2016-06-21,679248.0,9624.0
2016-06-22,677730.6,15470.0
2016-06-23,559653.3,6384.0
2016-06-24,641812.7,11850.0
2016-06-25,860296.8,6984.0
2016-06-26,954344.7,8260.0
2016-06-27,684735.6,6510.0
2016-06-28,596948.94,8120.0
2016-06-29,632489.5,13620.0
2016-06-30,554144.9,6664.0
2016-07-01,857027.56,12710.0
2016-07-02,1078485.1,7332.0
2016-07-03,1126713.8,8070.0
2016-07-04,850891.6,6904.0
2016-07-05,728011.56,9180.0
2016-07-06,752110.94,16400.0
2016-07-07,591702.8,5264.0
2016-07-08,688563.4,12530.0
2016-07-09,868260.0,7670.0
2016-07-10,932486.3,8780.0
2016-07-11,688436.1,7136.0
2016-07-12,627039.75,8820.0
2016-07-13,642494.4,13384.0
2016-07-14,535124.3,5344.0
2016-07-15,675032.44,11410.0
2016-07-16,887192.9,6364.0
2016-07-17,932586.7,7336.0
2016-07-18,702619.75,5892.0
2016-07-19,633176.3,7824.0
2016-07-20,686848.9,13220.0
2016-07-21,578823.7,5644.0
2016-07-22,646633.6,10350.0
2016-07-23,822292.5,5880.0
2016-07-24,847867.7,6812.0
2016-07-25,697383.6,5680.0
2016-07-26,622771.94,7550.0
2016-07-27,651122.0,10780.0
2016-07-28,533256.25,5650.0
2016-07-29,669585.8,11240.0
2016-07-30,910213.9,6376.0
2016-07-31,997916.94,7050.0
2016-08-01,895580.4,5348.0
2016-08-02,777592.8,7884.0
2016-08-03,779844.8,13360.0
2016-08-04,622883.1,5956.0
2016-08-05,704092.75,11624.0
2016-08-06,858903.2,6264.0
2016-08-07,904321.44,7560.0
2016-08-08,715195.56,6230.0
2016-08-09,635539.0,8590.0
2016-08-10,658457.44,14000.0
2016-08-11,596729.25,6450.0
2016-08-12,745662.5,11760.0
2016-08-13,714905.94,6520.0
2016-08-14,761826.1,7400.0
2016-08-15,720032.3,6924.0
2016-08-16,718671.6,8900.0
2016-08-17,725945.7,14450.0
2016-08-18,577350.5,6850.0
2016-08-19,678767.1,12170.0
2016-08-20,828986.3,7316.0
2016-08-21,901870.1,8092.0
2016-08-22,714866.25,6908.0
2016-08-23,660820.0,8720.0
2016-08-24,674613.06,13490.0
2016-08-25,554421.5,5710.0
2016-08-26,646698.25,11060.0
2016-08-27,791047.56,6310.0
2016-08-28,858802.44,7180.0
2016-08-29,671845.75,6096.0
2016-08-30,624711.3,8400.0
2016-08-31,731430.1,14080.0
2016-09-01,718105.56,6204.0
2016-09-02,837129.56,11450.0
2016-09-03,1057581.2,5984.0
2016-09-04,1109985.9,6668.0
2016-09-05,813763.3,5450.0
2016-09-06,751583.0,7130.0
2016-09-07,738543.94,12440.0
2016-09-08,595849.3,5756.0
2016-09-09,658969.0,11430.0
2016-09-10,915938.56,6596.0
2016-09-11,1017369.25,7188.0
2016-09-12,678776.44,5904.0
2016-09-13,603427.94,7836.0
2016-09-14,624262.06,13240.0
2016-09-15,568324.8,8376.0
2016-09-16,691912.6,14456.0
2016-09-17,899219.3,9650.0
2016-09-18,1018662.6,10456.0
2016-09-19,681159.3,8930.0
2016-09-20,650980.3,10990.0
2016-09-21,666928.4,16170.0
2016-09-22,533276.3,9180.0
2016-09-23,663686.0,14936.0
2016-09-24,861830.4,10170.0
2016-09-25,952352.56,10904.0
2016-09-26,664217.44,9250.0
2016-09-27,587908.3,11120.0
2016-09-28,631761.2,15770.0
2016-09-29,520744.9,8744.0
2016-09-30,703198.5,14020.0
2016-10-01,1175033.6,9040.0
2016-10-02,1256480.1,10010.0
2016-10-03,833060.56,8530.0
2016-10-04,724113.1,11384.0
2016-10-05,749712.3,16510.0
2016-10-06,581429.3,8850.0
2016-10-07,797612.25,14570.0
2016-10-08,932551.7,9970.0
2016-10-09,1088251.5,10960.0
2016-10-10,725312.9,9520.0
2016-10-11,625272.0,11496.0
2016-10-12,665126.06,15496.0
2016-10-13,558859.9,9144.0
2016-10-14,667954.2,14620.0
2016-10-15,890613.56,9960.0
2016-10-16,1104504.8,11030.0
2016-10-17,710456.44,8910.0
2016-10-18,630638.56,10770.0
2016-10-19,647823.5,15070.0
2016-10-20,583001.25,8440.0
2016-10-21,669453.56,13950.0
2016-10-22,843626.44,8824.0
2016-10-23,1022953.7,10110.0
2016-10-24,668507.6,8280.0
2016-10-25,610590.9,10320.0
2016-10-26,633413.9,20050.0
2016-10-27,544361.5,12296.0
2016-10-28,638838.25,18400.0
2016-10-29,841074.7,15000.0
2016-10-30,954838.2,15944.0
2016-10-31,654923.5,13090.0
2016-11-01,811832.44,15040.0
2016-11-02,969033.6,21820.0
2016-11-03,793811.7,13040.0
2016-11-04,858468.2,17730.0
2016-11-05,887751.3,13144.0
2016-11-06,1140367.1,14730.0
2016-11-07,849451.06,12340.0
2016-11-08,767439.6,13990.0
2016-11-09,790276.8,21400.0
2016-11-10,588241.75,11970.0
2016-11-11,713396.44,17700.0
2016-11-12,929802.75,13280.0
2016-11-13,1188982.2,14450.0
2016-11-14,735723.2,10520.0
2016-11-15,691801.6,13176.0
2016-11-16,830431.75,20050.0
2016-11-17,615228.25,9980.0
2016-11-18,738265.56,15250.0
2016-11-19,935656.0,11710.0
2016-11-20,1125179.0,12880.0
2016-11-21,773762.25,11300.0
2016-11-22,690281.25,13280.0
2016-11-23,753685.06,20480.0
2016-11-24,595457.3,11230.0
2016-11-25,737819.5,17140.0
2016-11-26,908066.8,12490.0
2016-11-27,1056721.6,13624.0
2016-11-28,752583.75,11864.0
2016-11-29,645760.5,13340.0
2016-11-30,767361.7,19420.0
2016-12-01,843603.3,12984.0
2016-12-02,853454.94,18820.0
2016-12-03,1113440.6,14280.0
2016-12-04,1276195.0,15180.0
2016-12-05,896824.94,13160.0
2016-12-06,932546.4,15576.0
2016-12-07,867653.75,26860.0
2016-12-08,674077.4,13680.0
2016-12-09,774941.94,19280.0
2016-12-10,920050.75,14824.0
2016-12-11,1119324.2,16280.0
2016-12-12,844251.7,13790.0
2016-12-13,747161.6,16210.0
2016-12-14,829763.25,21730.0
2016-12-15,747641.2,14620.0
2016-12-16,918899.8,20130.0
2016-12-17,1071655.6,15864.0
2016-12-18,1260471.9,17230.0
2016-12-19,1028242.8,15016.0
2016-12-20,1080402.4,17860.0
2016-12-21,1181307.4,23420.0
2016-12-22,1135849.4,15490.0
2016-12-23,1282145.5,21540.0
2016-12-24,1246837.9,15250.0
2016-12-26,1032770.75,14820.0
2016-12-27,842475.5,16140.0
2016-12-28,951533.7,23630.0
2016-12-29,894108.25,15880.0
2016-12-30,1163643.0,21970.0
2016-12-31,1109012.9,15980.0
2017-01-01,12082.501,170.0
2017-01-02,1402306.4,11810.0
2017-01-03,1104377.1,13900.0
2017-01-04,990093.44,22910.0
2017-01-05,777620.94,8550.0
2017-01-06,839600.25,15540.0
2017-01-07,1103806.2,10410.0
2017-01-08,1192543.8,11280.0
2017-01-09,793724.9,9650.0
2017-01-10,742635.56,11820.0
2017-01-11,770742.7,17300.0
2017-01-12,629635.8,9600.0
2017-01-13,768898.94,15670.0
2017-01-14,1021050.56,10680.0
2017-01-15,1175725.1,11550.0
2017-01-16,824488.7,9910.0
2017-01-17,750836.56,12060.0
2017-01-18,782656.0,18720.0
2017-01-19,606949.75,9630.0
2017-01-20,725703.7,14856.0
2017-01-21,1072721.8,10190.0
2017-01-22,1148214.4,11256.0
2017-01-23,798133.6,9360.0
2017-01-24,721275.75,11940.0
2017-01-25,744342.56,18530.0
2017-01-26,576515.56,7560.0
2017-01-27,722113.94,13110.0
2017-01-28,977850.4,8264.0
2017-01-29,1075167.0,9260.0
2017-01-30,698123.75,7330.0
2017-01-31,778222.3,10584.0
2017-02-01,961777.4,16376.0
2017-02-02,748882.75,8016.0
2017-02-03,834667.1,13656.0
2017-02-04,1132788.5,8300.0
2017-02-05,1151987.6,9060.0
2017-02-06,786672.4,7736.0
2017-02-07,739431.2,9970.0
2017-02-08,783605.4,19100.0
2017-02-09,624387.5,7212.0
2017-02-10,752207.25,12610.0
2017-02-11,944924.6,7840.0
2017-02-12,1074820.9,8800.0
2017-02-13,794314.44,7530.0
2017-02-14,642613.2,9656.0
2017-02-15,745780.4,17200.0
2017-02-16,645968.25,8104.0
2017-02-17,758855.7,13620.0
2017-02-18,1063394.9,8430.0
2017-02-19,858897.1,9120.0
2017-02-20,759120.06,8010.0
2017-02-21,717807.7,10430.0
2017-02-22,739388.06,16100.0
2017-02-23,675578.5,8376.0
2017-02-24,816197.5,14140.0
2017-02-25,1026011.25,9010.0
2017-02-26,775709.0,9260.0
2017-02-27,744956.94,8400.0
2017-02-28,949366.8,11220.0
2017-03-01,1008521.7,18620.0
2017-03-02,836225.2,9180.0
2017-03-03,882639.75,15310.0
2017-03-04,1125736.4,9660.0
2017-03-05,1196983.8,10360.0
2017-03-06,790143.25,8100.0
2017-03-07,761866.75,10560.0
2017-03-08,781046.7,16070.0
2017-03-09,653901.2,7340.0
2017-03-10,773855.3,13250.0
2017-03-11,1001174.44,7610.0
2017-03-12,1146006.9,8590.0
2017-03-13,754390.4,7144.0
2017-03-14,700998.06,9650.0
2017-03-15,815621.9,15440.0
2017-03-16,699108.2,7570.0
2017-03-17,812306.75,14264.0
2017-03-18,1038906.56,8700.0
2017-03-19,1157140.6,9576.0
2017-03-20,826428.94,8350.0
2017-03-21,746620.94,11110.0
2017-03-22,767880.8,16050.0
2017-03-23,670848.0,6840.0
2017-03-24,787914.1,13150.0
2017-03-25,1038139.3,8520.0
2017-03-26,1101557.5,9430.0
2017-03-27,784103.25,7884.0
2017-03-28,702943.94,10660.0
2017-03-29,824633.0,17150.0
2017-03-30,637624.3,9120.0
2017-03-31,878750.06,14024.0
2017-04-01,1463084.0,7450.0
2017-04-02,1138650.0,7944.0
2017-04-03,835191.6,6544.0
2017-04-04,835602.6,9310.0
2017-04-05,846631.3,15096.0
2017-04-06,683059.56,6972.0
2017-04-07,765502.2,12480.0
2017-04-08,988591.5,7570.0
2017-04-09,1101713.6,8424.0
2017-04-10,739392.1,6664.0
2017-04-11,741331.44,9680.0
2017-04-12,791762.3,18100.0
2017-04-13,737029.56,10216.0
2017-04-14,740889.5,15810.0
2017-04-15,898610.2,10690.0
2017-04-16,985493.8,11680.0
2017-04-17,775916.9,10150.0
2017-04-18,717196.3,11980.0
2017-04-19,735733.2,19620.0
2017-04-20,675804.0,11230.0
2017-04-21,795795.9,18290.0
2017-04-22,974952.8,12980.0
2017-04-23,1140070.2,14270.0
2017-04-24,755072.56,12480.0
2017-04-25,718996.06,14850.0
2017-04-26,781159.3,21140.0
2017-04-27,624910.0,12600.0
2017-04-28,797636.6,18990.0
2017-04-29,1068279.9,13640.0
2017-04-30,1041249.25,14210.0
2017-05-01,1306699.4,12740.0
2017-05-02,907324.1,14150.0
2017-05-03,924247.25,21180.0
2017-05-04,716654.6,10040.0
2017-05-05,780798.4,15900.0
2017-05-06,1039417.9,10344.0
2017-05-07,1227380.6,11500.0
2017-05-08,776307.5,9550.0
2017-05-09,715811.2,12040.0
2017-05-10,766101.9,20290.0
2017-05-11,648650.44,11110.0
2017-05-12,764812.44,16720.0
2017-05-13,1116976.9,12220.0
2017-05-14,884199.94,12680.0
2017-05-15,823035.56,11260.0
2017-05-16,807803.9,13690.0
2017-05-17,841407.6,18620.0
2017-05-18,628488.0,10590.0
2017-05-19,773775.44,15704.0
2017-05-20,1035667.4,10840.0
2017-05-21,1201938.9,12030.0
2017-05-22,778935.1,10040.0
2017-05-23,723151.75,12290.0
2017-05-24,746303.6,20850.0
2017-05-25,620108.25,9530.0
2017-05-26,984511.1,16460.0
2017-05-27,932219.9,10610.0
2017-05-28,1061771.6,11860.0
2017-05-29,776813.1,10056.0
2017-05-30,742471.25,12280.0
2017-05-31,858062.1,17460.0
2017-06-01,766859.2,3498.0
2017-06-02,918421.3,13480.0
2017-06-03,1176138.1,9336.0
2017-06-04,1376511.5,10510.0
2017-06-05,912693.9,8750.0
2017-06-06,805546.6,11320.0
2017-06-07,842979.8,17380.0
2017-06-08,667099.8,10620.0
2017-06-09,795116.1,15710.0
2017-06-10,993732.7,11790.0
2017-06-11,1213674.0,13180.0
2017-06-12,768349.75,10856.0
2017-06-13,729412.94,13180.0
2017-06-14,785885.94,20020.0
2017-06-15,660338.4,10080.0
2017-06-16,834786.44,15820.0
2017-06-17,1096133.5,11570.0
2017-06-18,965144.1,12260.0
2017-06-19,791146.4,10400.0
2017-06-20,787326.7,13070.0
2017-06-21,766159.0,21010.0
2017-06-22,609868.8,11624.0
2017-06-23,761049.75,17660.0
2017-06-24,963268.25,12264.0
2017-06-25,1092610.9,13370.0
2017-06-26,755367.9,10856.0
2017-06-27,682218.5,13170.0
2017-06-28,731897.0,20140.0
2017-06-29,630811.8,13400.0
2017-06-30,802273.1,18240.0
2017-07-01,1207529.9,13016.0
2017-07-02,1296379.2,13880.0
2017-07-03,925143.44,12330.0
2017-07-04,832359.3,14890.0
2017-07-05,844301.6,23060.0
2017-07-06,700272.0,13190.0
2017-07-07,805792.3,18480.0
2017-07-08,998347.2,13420.0
2017-07-09,1100833.4,14270.0
2017-07-10,804158.9,12240.0
2017-07-11,730534.75,14430.0
2017-07-12,748800.0,20220.0
2017-07-13,629651.4,10200.0
2017-07-14,765489.6,16056.0
2017-07-15,969077.1,11080.0
2017-07-16,1100803.8,11720.0
2017-07-17,818325.5,10056.0
2017-07-18,730133.7,12060.0
2017-07-19,767978.75,18200.0
2017-07-20,688288.06,10700.0
2017-07-21,782418.3,15340.0
2017-07-22,932902.06,10070.0
2017-07-23,1024288.75,10870.0
2017-07-24,816564.3,9450.0
2017-07-25,713581.6,11330.0
2017-07-26,740653.06,18720.0
2017-07-27,659849.8,8000.0
2017-07-28,835099.7,13850.0
2017-07-29,1032310.9,9096.0
2017-07-30,1123752.5,10220.0
